{
	"type": "minecraft:block",
	"pools": [
		{
			"rolls": 1,
			"entries": [
				{
					"type": "minecraft:item",
					"name": "minecraft:grass",
					"conditions": [
						{
							"condition": "minecraft:match_tool",
							"predicate": {
								"item": "minecraft:shears"
							}
						}
					]
				}
			]
		},
		{
			"rolls": 1,
			"entries": [
				{
					"type": "minecraft:empty",
					"weight": 12
				},
				{
					"type": "minecraft:item",
					"name": "minecraft:wheat_seeds",
					"weight": 2
				},
				{
					"type": "minecraft:item",
					"name": "minecraft:beetroot_seeds"
				},
				{
					"type": "minecraft:item",
					"name": "minecraft:potato"
				},
				{
					"type": "minecraft:item",
					"name": "minecraft:carrot"
				},
				{
					"type": "minecraft:item",
					"name": "minecraft:pumpkin_seeds"
				},
				{
					"type": "minecraft:item",
					"name": "minecraft:melon_seeds"
				},
				{
					"type": "minecraft:item",
					"name": "minecraft:sweet_berries"
				}
			],
			"conditions": [
				{
					"condition": "minecraft:inverted",
					"term": {
						"condition": "minecraft:alternative",
						"terms": [
							{
								"condition": "minecraft:match_tool",
								"predicate": {
									"item": "minecraft:shears"
								}
							}
						]
					}
				}
			]
		}
	]
}