{
	"type": "minecraft:block",
	"pools": [
		{
			"rolls": 1,
			"entries": [
				{
					"type": "minecraft:item",
					"name": "minecraft:dead_bush",
					"conditions": [
						{
							"condition": "minecraft:match_tool",
							"predicate": {
								"item": "minecraft:shears"
							}
						}
					]				
				}
			]
		},
		{
			"rolls": 1,
			"entries": [
				{
					"type": "minecraft:empty",
					"weight": 3
				},
				{
					"type": "minecraft:item",
					"name": "minecraft:stick",
					"weight": 2,
					"function": [
						{
							"function": "set_count",
							"count": {
								"min": 1,
								"min": 2
							}
						}
					]
				},
				{
					"type": "minecraft:item",
					"name": "minecraft:cactus"
				},
				{
					"type": "minecraft:item",
					"name": "minecraft:sugar_cane"
				},
				{
					"type": "minecraft:item",
					"name": "minecraft:cocoa_beans"
				},
				{
					"type": "minecraft:item",
					"name": "minecraft:brown_mushroom"
				},
				{
					"type": "minecraft:item",
					"name": "minecraft:red_mushroom"
				}
			],
			"conditions": [
				{
					"condition": "minecraft:inverted",
					"term": {
						"condition": "minecraft:alternative",
						"terms": [
							{
								"condition": "minecraft:match_tool",
								"predicate": {
									"item": "minecraft:shears"
								}
							}
						]
					}
				}
			]
		}
	]
}