{
    "pools": [
        {
            "conditions": [
                {
                    "condition": "killed_by_player"
                },
                {
                    "condition": "random_chance_with_looting",
                    "chance": 0.025,
                    "looting_multiplier": 0.01
                }
            ],
            "rolls": 1,
            "entries": [
                {
                    "type": "item",
                    "name": "minecraft:player_head",
                    "weight": 1,
                    "functions": [
						{
							"function": "set_nbt",
							"tag": "{display:{Name:\"{\\\"translate\\\":\\\"item.cpp.wolf_head\\\"}\"},SkullOwner:{Id:\"9a7c65fb-309f-4c1a-96a1-4522c197b7fe\",Properties:{textures:[{Value:\"eyJ0ZXh0dXJlcyI6eyJTS0lOIjp7InVybCI6Imh0dHA6Ly90ZXh0dXJlcy5taW5lY3JhZnQubmV0L3RleHR1cmUvZTk1Y2JiNGY3NWVhODc2MTdmMmY3MTNjNmQ0OWRhYzMyMDliYTFiZDRiOTM2OTY1NGIxNDU5ZWExNTMxNyJ9fX0=\"}]}}}"
						}
                    ]
                }
            ]
        }
    ]
}