{
  "type": "crafting_shaped",
  "pattern": [
    "#A#",
    "#*#",
    "###"
  ],
  "key": {
    "*": {
      "item": "minecraft:egg"
    },
	"A":[
		{"item":"zombie_head"},
		{"item":"creeper_head"},
		{"item":"player_head"},
		{"item":"dragon_head"},
		{"item":"skeleton_skull"},
		{"item":"wither_skeleton_skull"}
	],
    "#": [
		{
			"item": "minecraft:cod"
		},
		{
			"item": "minecraft:salmon"
		},
		{
			"item": "minecraft:clownfish"
		},
		{
			"item": "minecraft:pufferfish"
		}
	]
  },
  "result": {
    "item": "minecraft:ocelot_spawn_egg"
  }
}