{
    "display": {
        "icon": {
            "item": "minecraft:ocelot_spawn_egg"
        },
        "title":{
            "translate": "cpp.advancements.ocelot.title"
		},
        "description": {
            "translate": "cpp.advancements.ocelot.description"
		}
    },
    "parent": "cpp:zombie",
    "criteria": {
        "ocelot": {
			"trigger": "minecraft:inventory_changed",
			"conditions": {
				"items": [
					{
						"item": "minecraft:ocelot_spawn_egg"
					}
				]
			}
        }
    }
}