{
	"pools": [
		{
			"rolls": 1,
			"entries": [
				{
					"type": "loot_table",
					"name": "minecraft:entities/sheep/white",
					"weight": 1
				},
				{
					"type": "loot_table",
					"name": "minecraft:entities/sheep/gray",
					"weight": 1
				},
				{
					"type": "loot_table",
					"name": "minecraft:entities/sheep/light_gray",
					"weight": 1
				},
				{
					"type": "loot_table",
					"name": "minecraft:entities/sheep/black",
					"weight": 1
				},
				{
					"type": "loot_table",
					"name": "minecraft:entities/sheep/pink",
					"weight": 1
				},
				{
					"type": "loot_table",
					"name": "minecraft:entities/cow",
					"weight": 5
				},
				{
					"type": "loot_table",
					"name": "minecraft:entities/pig",
					"weight": 5
				},
				{
					"type": "loot_table",
					"name": "minecraft:entities/chicken",
					"weight": 5
				},
				{
					"type": "loot_table",
					"name": "minecraft:entities/rabbit",
					"weight": 5
				},
				{
					"type": "loot_table",
					"name": "minecraft:entities/mushroom_cow",
					"weight": 3
				},
				{
					"type": "loot_table",
					"name": "minecraft:entities/horse",
					"weight": 1
				},
				{
					"type": "loot_table",
					"name": "minecraft:entities/llama",
					"weight": 1
				},
				{
					"type": "loot_table",
					"name": "minecraft:entities/mule",
					"weight": 1
				},
				{
					"type": "loot_table",
					"name": "minecraft:entities/donkey",
					"weight": 1
				},
				{
					"type": "loot_table",
					"name": "minecraft:entities/polar_bear",
					"weight": 1
				}
			]
		}
	]
}