{
	"parent": "cpp:foods/root",
	"criteria": {
		"melon_slice": {
			"trigger": "minecraft:consume_item",
			"conditions": {
				"item": {
					"item": "minecraft:melon_slice"
				}
			}
		},
		"chorus_fruit": {
			"trigger": "minecraft:consume_item",
			"conditions": {
				"item": {
					"item": "minecraft:chorus_fruit"
				}
			}
		},
		"mushroom_stew": {
			"trigger": "minecraft:consume_item",
			"conditions": {
				"item": {
					"item": "minecraft:mushroom_stew"
				}
			}
		}
	},
	"requirements":[
		[
			"melon",
			"chorus_fruit",
			"mushroom_stew"
		]
	],
	"rewards":{
		"function": "cpp:foods/fatness/neg2"
	}
}