{
	"pools": [
		{
			"rolls": 1,
			"entries": [
				{
					"type": "item",
					"name": "minecraft:suspicious_stew",
					"functions": [
						{
							"function": "set_nbt",
							"tag": "{display:{\"Name\":\"{\\\"translate\\\":\\\"item.cpp.braised_pork_with_potatoes\\\"}\",Lore:[\"{\\\"translate\\\":\\\"lore.cpp.strength\\\"}\"]},id:\"cpp:braised_pork_with_potatoes\",CustomModelData:12970004,Effects:[{EffectDuration:600,EffectId:5b},{EffectDuration:10,EffectId:23b}]}"
						}
					]
				}
			]
		}
	]
}