{
	"pools": [
		{
			"rolls": 1,
			"entries": [
				{
					"type": "item",
					"name": "minecraft:item_frame",
					"functions": [
						{
							"function": "set_nbt",
							"tag":"{id:\"cpp:france_flag\",display:{Name:\"{\\\"translate\\\":\\\"item.cpp.france_flag\\\"}\"},CustomModelData:12974405,EntityTag:{Item:{id:'minecraft:item_frame',Count:1b,tag:{CustomModelData:12974405,isMachineBg:1b}},Tags:['cpp_item_frame_flag','cpp_special_item_frame','cpp_france_flag']}}"
						}
					]				}
			]
		}
	]
}