{
	"pools": [
		{
			"rolls": {
				"min": 1,
				"max": 9
			},
			"entries": [
				{
					"type": "item",
					"name": "minecraft:poisonous_potato",
					"weight": 1,
					"quality": 2,
					"functions": [
						{
							"function": "set_nbt",
							"tag": "{cppIsDrop:1b,cppid:\"soul_of_undead\",display:{Name:\"{\\\"translate\\\":\\\"cpp.item.soul_of_undead\\\"}\"},ench:[{id:999s}]}"
						}
					]
				},
				{
					"type": "item",
					"name": "minecraft:blaze_powder",
					"weight": 1,
					"quality": 2,
					"functions": [
						{
							"function": "set_nbt",
							"tag": "{cppIsDrop:1b,cppid:\"ash_of_fire\",display:{Name:\"{\\\"translate\\\":\\\"cpp.item.ash_of_fire\\\"}\"},ench:[{id:999s}]}"
						}
					]
				},
				{
					"type": "item",
					"name": "minecraft:rabbit_foot",
					"weight": 1,
					"quality": 2,
					"functions": [
						{
							"function": "set_nbt",
							"tag": "{cppIsDrop:1b,cppid:\"arm_of_mob\",display:{Name:\"{\\\"translate\\\":\\\"cpp.item.arm_of_mob\\\"}\"},ench:[{id:999s}]}"
						}
					]
				},
				{
					"type": "item",
					"name": "minecraft:enchanted_golden_apple",
					"quality": 1,
					"weight": 3
				},
				{
					"type": "item",
					"name": "minecraft:iron_ingot",
					"weight": 7,
					"quality": 1,
					"functions": [
						{
							"function": "set_nbt",
							"tag": "{cppid:\"enchanted_iron\",display:{Name:\"{\\\"translate\\\":\\\"cpp.item.enchanted_iron\\\"}\"},ench:[{id:999s}]}"
						}
					]
				},
				{
					"type": "item",
					"name": "minecraft:gold_ingot",
					"weight": 7,
					"quality": 1,
					"functions": [
						{
							"function": "set_nbt",
							"tag": "{cppid:\"enchanted_gold\",display:{Name:\"{\\\"translate\\\":\\\"cpp.item.enchanted_gold\\\"}\"},ench:[{id:999s}]}"
						}
					]
				},
				{
					"type": "item",
					"name": "minecraft:bread",
					"weight": 10,
					"functions": [
						{
							"function": "set_nbt",
							"tag": "{cppid:\"meat_floss_bread\",display:{Name:\"{\\\"translate\\\":\\\"cpp.item.meat_floss_bread\\\"}\"},ench:[{id:999s}]}"
						},
						{
							"function": "set_count",
							"count": {
								"min": 1,
								"max": 5
							}
						}
					]
				},
				{
					"type": "item",
					"name": "minecraft:apple",
					"weight": 10,
					"functions": [
						{
						"function": "set_nbt",
						"tag": "{cppid:\"toffee_apple\",display:{Name:\"{\\\"translate\\\":\\\"cpp.item.toffee_apple\\\"}\"},ench:[{id:999s}]}"
						},
						{
							"function": "set_count",
							"count": {
								"min": 1,
								"max": 5
							}
						}
					]
				},
				{
					"type": "item",
					"name": "minecraft:coal",
					"weight": 12,
					"functions": [
						{
							"function": "set_count",
							"count": {
								"min": 1,
								"max": 5
							}
						}
					]
				},
				{
					"type": "item",
					"name": "minecraft:bone",
					"weight": 12,
					"quality": -2,
					"functions": [
						{
							"function": "set_count",
							"count": {
								"min": 1,
								"max": 9
							}
						}
					]
				},
				{
					"type": "item",
					"name": "minecraft:gunpowder",
					"weight": 12,
					"quality": -2,
					"functions": [
						{
							"function": "set_count",
							"count": {
								"min": 1,
								"max": 9
							}
						}
					]
				},
				{
					"type": "item",
					"name": "minecraft:rotten_flesh",
					"weight": 12,
					"quality": -2,
					"functions": [
						{
							"function": "set_count",
							"count": {
								"min": 1,
								"max": 9
							}
						}
					]
				},
				{
					"type": "item",
					"name": "minecraft:string",
					"weight": 12,
					"quality": -2,
					"functions": [
						{
							"function": "set_count",
							"count": {
								"min": 1,
								"max": 9
							}
						}
					]
				}
			]
		}
	]
}