{
	"criteria": {
		"slab01":{"trigger":"minecraft:placed_block","conditions":{"block":"minecraft:stone_slab","state":{"type":"bottom"}}},
		"slab02":{"trigger":"minecraft:placed_block","conditions":{"block":"minecraft:smooth_stone_slab","state":{"type":"bottom"}}},
		"slab03":{"trigger":"minecraft:placed_block","conditions":{"block":"minecraft:stone_brick_slab","state":{"type":"bottom"}}},
		"slab04":{"trigger":"minecraft:placed_block","conditions":{"block":"minecraft:sandstone_slab","state":{"type":"bottom"}}},
		"slab05":{"trigger":"minecraft:placed_block","conditions":{"block":"minecraft:acacia_slab","state":{"type":"bottom"}}},
		"slab06":{"trigger":"minecraft:placed_block","conditions":{"block":"minecraft:birch_slab","state":{"type":"bottom"}}},
		"slab07":{"trigger":"minecraft:placed_block","conditions":{"block":"minecraft:dark_oak_slab","state":{"type":"bottom"}}},
		"slab08":{"trigger":"minecraft:placed_block","conditions":{"block":"minecraft:jungle_slab","state":{"type":"bottom"}}},
		"slab09":{"trigger":"minecraft:placed_block","conditions":{"block":"minecraft:oak_slab","state":{"type":"bottom"}}},
		"slab10":{"trigger":"minecraft:placed_block","conditions":{"block":"minecraft:spruce_slab","state":{"type":"bottom"}}},
		"slab11":{"trigger":"minecraft:placed_block","conditions":{"block":"minecraft:purpur_slab","state":{"type":"bottom"}}},
		"slab12":{"trigger":"minecraft:placed_block","conditions":{"block":"minecraft:quartz_slab","state":{"type":"bottom"}}},
		"slab13":{"trigger":"minecraft:placed_block","conditions":{"block":"minecraft:red_sandstone_slab","state":{"type":"bottom"}}},
		"slab14":{"trigger":"minecraft:placed_block","conditions":{"block":"minecraft:brick_slab","state":{"type":"bottom"}}},
		"slab15":{"trigger":"minecraft:placed_block","conditions":{"block":"minecraft:cobblestone_slab","state":{"type":"bottom"}}},
		"slab16":{"trigger":"minecraft:placed_block","conditions":{"block":"minecraft:nether_brick_slab","state":{"type":"bottom"}}},
		"slab18":{"trigger":"minecraft:placed_block","conditions":{"block":"minecraft:prismarine_slab","state":{"type":"bottom"}}},
		"slab19":{"trigger":"minecraft:placed_block","conditions":{"block":"minecraft:prismarine_brick_slab","state":{"type":"bottom"}}},
		"slab20":{"trigger":"minecraft:placed_block","conditions":{"block":"minecraft:dark_prismarine_slab","state":{"type":"bottom"}}},
		"slab21":{"trigger":"minecraft:placed_block","conditions":{"block":"minecraft:polished_granite_slab","state":{"type":"bottom"}}},
		"slab22":{"trigger":"minecraft:placed_block","conditions":{"block":"minecraft:smooth_red_sandstone_slab","state":{"type":"bottom"}}},
		"slab23":{"trigger":"minecraft:placed_block","conditions":{"block":"minecraft:mossy_stone_brick_slab","state":{"type":"bottom"}}},
		"slab24":{"trigger":"minecraft:placed_block","conditions":{"block":"minecraft:polished_diorite_slab","state":{"type":"bottom"}}},
		"slab25":{"trigger":"minecraft:placed_block","conditions":{"block":"minecraft:mossy_cobblestone_slab","state":{"type":"bottom"}}},
		"slab26":{"trigger":"minecraft:placed_block","conditions":{"block":"minecraft:end_stone_brick_slab","state":{"type":"bottom"}}},
		"slab27":{"trigger":"minecraft:placed_block","conditions":{"block":"minecraft:smooth_sandstone_slab","state":{"type":"bottom"}}},
		"slab28":{"trigger":"minecraft:placed_block","conditions":{"block":"minecraft:smooth_quartz_slab","state":{"type":"bottom"}}},
		"slab29":{"trigger":"minecraft:placed_block","conditions":{"block":"minecraft:granite_slab","state":{"type":"bottom"}}},
		"slab30":{"trigger":"minecraft:placed_block","conditions":{"block":"minecraft:andesite_slab","state":{"type":"bottom"}}},
		"slab31":{"trigger":"minecraft:placed_block","conditions":{"block":"minecraft:red_nether_brick_slab","state":{"type":"bottom"}}},
		"slab32":{"trigger":"minecraft:placed_block","conditions":{"block":"minecraft:polished_andesite_slab","state":{"type":"bottom"}}},
		"slab33":{"trigger":"minecraft:placed_block","conditions":{"block":"minecraft:diorite_slab","state":{"type":"bottom"}}}
	},
	"rewards": {
		"function": "mixed_slabs:adv"
	},
	"requirements":[[
		"slab01",
		"slab02",
		"slab03",
		"slab04",
		"slab05",
		"slab06",
		"slab07",
		"slab08",
		"slab09",
		"slab10",
		"slab11",
		"slab12",
		"slab13",
		"slab14",
		"slab15",
		"slab16",
		"slab18",
		"slab19",
		"slab20",
		"slab21",
		"slab22",
		"slab23",
		"slab24",
		"slab25",
		"slab26",
		"slab27",
		"slab28",
		"slab29",
		"slab30",
		"slab31",
		"slab32",
		"slab33"		
	]]
}
