{
	"pools": [
		{
			"rolls": 1, 
			"entries": [
				{
					"type": "item", 
					"name": "minecraft:glass_bottle",
					"weight": 1
				}
			]
		},
		{
			"rolls": 1,
			"entries": [
				{
					"type": "item",
					"name": "minecraft:birch_sapling",
					"weight": 1,
					"functions": [
						{
							"function": "set_count",
							"count": {
								"min": 0,
								"max": 3
							}
						}
					]
				}
			]
		},
		{
			"rolls": 4,
			"entries": [
				{
					"type": "item",
					"name": "minecraft:birch_log",
					"weight": 1
				}
			]
		}
	]
}