{
    "display": {
        "icon": {
            "item": "minecraft:diamond_sword"
        },
        "title":{
            "translate": "cpp.advancements.best_sword.title"
		},
        "description": {
            "translate": "cpp.advancements.best_sword.description"
		},
        "frame": "challenge"
    },
    "parent": "cpp:enchant",
    "criteria": {
        "best_sword": {
            "trigger": "minecraft:inventory_changed",
            "conditions": {
                "items": [
                    {
                        "item": "minecraft:diamond_sword",
						"nbt":"{ench:[{id:16s,lvl:7s},{id:21s,lvl:5s}]}"
                    }
                ]
            }
        }
    },
	"rewards":{
		"experience": 500,
		"function": "cpp:adv/best_sword"
	}
}