{
    "display": {
        "icon": {
            "item": "minecraft:clock"
        },
        "title":{
            "translate": "cpp.advancements.hongkong_reporter.title"
		},
        "description": {
            "translate": "cpp.advancements.hongkong_reporter.description"
		},
		"frame": "challenge"
    },
    "parent": "cpp:tp",
    "criteria": {
        "hongkong_reporter": {
            "trigger": "minecraft:effects_changed",
            "conditions": {
                "effects": {
                    "minecraft:speed": {"amplifier":3}
				}
			}
		}
    },
    "rewards": {
        "function": "cpp:adv/fastest"
    }
}