{
    "display": {
        "icon": {
            "item": "minecraft:written_book"
        },
        "title":{
            "translate": "cpp.advancements.fisher_etc.title"
		},
        "description": {
            "translate": "cpp.advancements.fisher_etc.description"
		},
        "frame": "goal"
    },
    "parent": "cpp:fastest",
    "criteria": {
        "fisher": {
            "trigger": "minecraft:inventory_changed",
            "conditions": {
                "items": [
                    {
                        "item": "minecraft:cobweb"
                    }
                ]
            }
        },
        "axer": {
            "trigger": "minecraft:inventory_changed",
            "conditions": {
                "items": [
                    {
                        "item": "minecraft:iron_axe"
                    }
                ]
            }
        },
        "farmer": {
            "trigger": "minecraft:inventory_changed",
            "conditions": {
                "items": [
					{
                        "item": "minecraft:iron_hoe"
                    }
                ]
            }
        },
        "reader": {
            "trigger": "minecraft:inventory_changed",
            "conditions": {
                "items": [
                    {
                        "item": "minecraft:written_book"
                    }
                ]
            }
        }
    },
	"rewards":{
		"function": "cpp:adv/fisher_etc"
	}
}