{
    "display": {
        "icon": {
            "item": "minecraft:chicken_spawn_egg"
        },
        "title":{
            "translate": "cpp.advancements.gene_technology.title"
		},
        "description": {
            "translate": "cpp.advancements.gene_technology.description"
		}
    },
    "parent": "cpp:egg",
    "criteria": {
        "gene_technology": {
            "trigger": "minecraft:impossible"
        }
    },
	"rewards": {
		"function": "cpp:adv/gene_technology"
    }
}