{
    "display": {
        "icon": {
            "item": "minecraft:potion"
        },
        "title":{
            "translate": "cpp.advancements.need_weight_loss.title"
		},
        "description": {
            "translate": "cpp.advancements.need_weight_loss.description"
		}
    },
    "parent": "cpp:sponge",
    "criteria": {
        "effect": {
            "trigger": "minecraft:effects_changed",
            "conditions": {
                "effects": {
                    "minecraft:health_boost": {"amplifer":2}
				}
			}
        }
    },
    "rewards": {
    }
}