{
    "display": {
        "icon": {
            "item": "minecraft:diamond_chestplate"
        },
        "title":{
            "translate": "cpp.advancements.new_armor.title"
		},
        "description": {
            "translate": "cpp.advancements.new_armor.description"
		},
        "frame": "challenge"
    },
    "parent": "cpp:best_sword",
    "criteria": {
        "best_helmet": {
            "trigger": "minecraft:inventory_changed",
            "conditions": {
                "items": [
                    {
                        "item": "minecraft:diamond_helmet",
						"nbt":"{display:{LocName:\"cpp.item.pumande_helmet\"}}"
                    }
				]
			}
		},
        "best_chest": {
            "trigger": "minecraft:inventory_changed",
            "conditions": {
                "items": [
                    {
                        "item": "minecraft:diamond_chestplate",
						"nbt":"{display:{LocName:\"cpp.item.pumande_chestplate\"}}"
                    }
				]
			}
		},
        "best_leg": {
            "trigger": "minecraft:inventory_changed",
            "conditions": {
                "items": [
                    {
                        "item": "minecraft:diamond_leggings",
						"nbt":"{display:{LocName:\"cpp.item.pumande_leggings\"}}"
                    }
				]
			}
		},
        "best_feet": {
            "trigger": "minecraft:inventory_changed",
            "conditions": {
                "items": [
                    {
                        "item": "minecraft:diamond_boots",
						"nbt":"{display:{LocName:\"cpp.item.pumande_boots\"}}"
                    }
                ]
            }
        }
    },
	"requirements":[[
		"best_helmet", "best_chest", "best_leg", "best_feet"
	]],
	"rewards":{
		"experience": 500
	}
}