{
    "display": {
        "icon": {
            "item": "minecraft:crafting_table"
        },
        "title":{
            "translate": "cpp.advancements.root.title"
		},
        "description": {
            "translate": "cpp.advancements.root.description"
		},
        "background": "minecraft:textures/blocks/magenta_wool.png"
    },
    "criteria": {
        "crafting_table": {
            "trigger": "minecraft:tick"
        }
    },
    "rewards": {
        "function": "cpp:adv/root"
    }
}