{
  "pools": [
    {
		"rolls": 1,
		"entries": [
			{
				"type": "item",
				"name": "minecraft:totem_of_undying"
			}
		]
	},
    {
        "rolls": 1,
        "entries": [
            {
                "type": "item",
                "name": "minecraft:emerald",
                "weight": 1,
                "functions": [
                    {
                        "function": "set_count",
                        "count": {
                            "min": 0,
                            "max": 1
                        }
                    },
                    {
                        "function": "looting_enchant",
                        "count": {
                            "min": 0,
                            "max": 1
                        }
                    }
                ]
            }
        ],
        "conditions": [
            {
                "condition": "killed_by_player"
            }
        ]
    },
        {
            "conditions": [
                {
                    "condition": "killed_by_player"
                },
                {
                    "condition": "random_chance_with_looting",
                    "chance": 0.025,
                    "looting_multiplier": 0.01
                }
            ],
            "rolls": 1,
            "entries": [
                {
                    "type": "item",
                    "name": "minecraft:emerald",
                    "weight": 1,
                    "functions": [
						{
							"function": "set_nbt",
							"tag": "{display:{LocName:\"cpp.item.proof_of_citizen\"},ench:[{id:999s}]}"
						}
                    ]
                }
            ]
        }
    ]
}