{
    "pools": [
        {
            "rolls": {
                "min": 1,
                "max": 3
            },
            "entries": [
                {
                    "type": "item",
                    "name": "minecraft:glowstone_dust",
                    "weight": 1,
                    "functions": [
                        {
                            "function": "set_count",
                            "count": {
                                "min": 0,
                                "max": 2
                            }
                        },
                        {
                            "function": "looting_enchant",
                            "count": {
                                "min": 0,
                                "max": 1
                            }
                        }
                    ]
                },
                {
                    "type": "item",
                    "name": "minecraft:sugar",
                    "weight": 1,
                    "functions": [
                        {
                            "function": "set_count",
                            "count": {
                                "min": 0,
                                "max": 2
                            }
                        },
                        {
                            "function": "looting_enchant",
                            "count": {
                                "min": 0,
                                "max": 1
                            }
                        }
                    ]
                },
                {
                    "type": "item",
                    "name": "minecraft:redstone",
                    "weight": 1,
                    "functions": [
                        {
                            "function": "set_count",
                            "count": {
                                "min": 0,
                                "max": 2
                            }
                        },
                        {
                            "function": "looting_enchant",
                            "count": {
                                "min": 0,
                                "max": 1
                            }
                        }
                    ]
                },
                {
                    "type": "item",
                    "name": "minecraft:spider_eye",
                    "weight": 1,
                    "functions": [
                        {
                            "function": "set_count",
                            "count": {
                                "min": 0,
                                "max": 2
                            }
                        },
                        {
                            "function": "looting_enchant",
                            "count": {
                                "min": 0,
                                "max": 1
                            }
                        }
                    ]
                },
                {
                    "type": "item",
                    "name": "minecraft:glass_bottle",
                    "weight": 1,
                    "functions": [
                        {
                            "function": "set_count",
                            "count": {
                                "min": 0,
                                "max": 2
                            }
                        },
                        {
                            "function": "looting_enchant",
                            "count": {
                                "min": 0,
                                "max": 1
                            }
                        }
                    ]
                },
                {
                    "type": "item",
                    "name": "minecraft:gunpowder",
                    "weight": 1,
                    "functions": [
                        {
                            "function": "set_count",
                            "count": {
                                "min": 0,
                                "max": 2
                            }
                        },
                        {
                            "function": "looting_enchant",
                            "count": {
                                "min": 0,
                                "max": 1
                            }
                        }
                    ]
                },
                {
                    "type": "item",
                    "name": "minecraft:stick",
                    "weight": 2,
                    "functions": [
                        {
                            "function": "set_count",
                            "count": {
                                "min": 0,
                                "max": 2
                            }
                        },
                        {
                            "function": "looting_enchant",
                            "count": {
                                "min": 0,
                                "max": 1
                            }
                        }
                    ]
                }
            ]
        },
        {
            "conditions": [
                {
                    "condition": "killed_by_player"
                },
                {
                    "condition": "random_chance_with_looting",
                    "chance": 0.025,
                    "looting_multiplier": 0.01
                }
            ],
            "rolls": 1,
            "entries": [
                {
                    "type": "item",
                    "name": "minecraft:player_head",
                    "weight": 1,
                    "functions": [
						{
							"function": "set_nbt",
							"tag": "{display:{LocName:\"cpp.item.witch_head\"},SkullOwner:{Id:\"7f92b3d6-5ee0-4ab6-afae-2206b9514a63\",Properties:{textures:[{Value:\"eyJ0ZXh0dXJlcyI6eyJTS0lOIjp7InVybCI6Imh0dHA6Ly90ZXh0dXJlcy5taW5lY3JhZnQubmV0L3RleHR1cmUvMjBlMTNkMTg0NzRmYzk0ZWQ1NWFlYjcwNjk1NjZlNDY4N2Q3NzNkYWMxNmY0YzNmODcyMmZjOTViZjlmMmRmYSJ9fX0=\"}]}}}"
						}
                    ]
                }
            ]
        }
    ]
}