{
	"criteria": {
		"cookie": {
			"trigger": "minecraft:consume_item",
			"conditions": {
				"item": {
					"item": "minecraft:cookie"
				}
			}
		},
		"cod": {
			"trigger": "minecraft:consume_item",
			"conditions": {
				"item": {
					"item": "minecraft:cod"
				}
			}
		},
		"salmon": {
			"trigger": "minecraft:consume_item",
			"conditions": {
				"item": {
					"item": "minecraft:salmon"
				}
			}
		},
		"tropical_fish": {
			"trigger": "minecraft:consume_item",
			"conditions": {
				"item": {
					"item": "minecraft:tropical_fish"
				}
			}
		},
		"pufferfish": {
			"trigger": "minecraft:consume_item",
			"conditions": {
				"item": {
					"item": "minecraft:pufferfish"
				}
			}
		},
		"cooked_cod": {
			"trigger": "minecraft:consume_item",
			"conditions": {
				"item": {
					"item": "minecraft:cooked_cod"
				}
			}
		},
		"cooked_salmon": {
			"trigger": "minecraft:consume_item",
			"conditions": {
				"item": {
					"item": "minecraft:cooked_salmon"
				}
			}
		},
		"rotten_flesh": {
			"trigger": "minecraft:consume_item",
			"conditions": {
				"item": {
					"item": "minecraft:rotten_flesh"
				}
			}
		}
	},
	"requirements":[
		[
			"cookie",
			"cod",
			"salmon",
			"tropical_fish",
			"pufferfish",
			"cooked_cod",
			"cooked_salmon",
			"rotten_flesh"
		]
	],
	"rewards":{
		"function": "cpp:foods/fatness/pos1"
	}
}