{
	"pools": [
		{
			"rolls": 1,
			"entries": [
				{
					"type": "minecraft:item",
					"name": "minecraft:item_frame",
					"functions": [
						{
							"function": "minecraft:set_nbt",
							"tag":"{display:{Name:'{\"translate\":\"item.cpp.bilibili_logo\"}'},id:'cpp:bilibili_logo',CustomModelData:12974406,EntityTag:{Item:{id:'minecraft:item_frame',Count:1b,tag:{CustomModelData:12974406,cppClear:1b}},Tags:['cpp_item_frame_flag','cpp_special_item_frame','cpp_bilibili_logo']}}"
						}
					]
				}
			]
		}
	]
}