{
	"pools":[
		{
			"rolls": 1,
			"entries": [
				{
					"type": "item",
					"name": "minecraft:emerald",
					"weight": 1,
					"functions": [
						{
							"function": "set_count",
							"count": {
								"min": 1,
								"max": 2
							}
						},
						{
							"function": "looting_enchant",
							"count": {
								"min": 0,
								"max": 1
							}
						}
					]
				}
			]
		},
		{
			"conditions": [
				{
					"condition": "killed_by_player"
				},
				{
					"condition": "random_chance_with_looting",
					"chance": 0.025,
					"looting_multiplier": 0.01
				}
			],
			"rolls": 1,
			"entries": [
				{
					"type": "item",
					"name": "minecraft:wooden_sword",
					"weight": 1,
					"functions": [
						{
							"function": "set_nbt",
							"tag": "{Damage:5,Unbreakable:1b,HideFlags:63,isRareDrops:1b,id:\"cpp:certification_of_earth\",display:{Name:\"{\\\"translate\\\":\\\"item.cpp.certification_of_earth\\\"}\"}}"
						}
					]
				}
			]
		},
		{
			"conditions": [
				{
					"condition": "killed_by_player"
				},
				{
					"condition": "random_chance_with_looting",
					"chance": 0.025,
					"looting_multiplier": 0.01
				}
			],
			"rolls": 1,
			"entries": [
				{
					"type": "item",
					"name": "minecraft:player_head",
					"weight": 1,
					"functions": [
						{
							"function": "set_nbt",
							"tag": "{display:{Name:\"{\\\"translate\\\":\\\"item.cpp.villager_head\\\"}\"},SkullOwner:{Id:\"0a9e8efb-9191-4c81-80f5-e27ca5433156\",Properties:{textures:[{Value:\"eyJ0ZXh0dXJlcyI6eyJTS0lOIjp7InVybCI6Imh0dHA6Ly90ZXh0dXJlcy5taW5lY3JhZnQubmV0L3RleHR1cmUvODIyZDhlNzUxYzhmMmZkNGM4OTQyYzQ0YmRiMmY1Y2E0ZDhhZThlNTc1ZWQzZWIzNGMxOGE4NmU5M2IifX19\"}]}}}"
						}
					]
				}
			]
		}
	]
}