{
	"pools": [
		{
			"rolls": 1,
			"entries": [
				{
					"type": "minecraft:item",
					"name": "minecraft:stone",
					"functions": [
						{
							"function": "set_attributes",
							"modifiers": [
								{
									"name": "chest_armor",
									"attribute": "generic.armor",
									"operation": "addition",
									"amount": 3,
									"slot": "chest"
								}
							]
						},
						{
							"function": "set_attributes",
							"modifiers": [
								{
									"name": "chest_maxHealth",
									"attribute": "generic.maxHealth",
									"operation": "addition",
									"amount": {
										"min": 0,
										"max": 5
									},
									"slot": "chest"
								}
							]
						},
						{
							"function": "set_attributes",
							"modifiers": [
								{
									"name": "chest_luck",
									"attribute": "generic.luck",
									"operation": "addition",
									"amount": {
										"min": 0.5,
										"max": 2.5
									},
									"slot": "chest"
								}
							],
							"conditions": [
								{
									"condition": "random_chance",
									"chance": 0.5
								}
							]
						},
						{
							"function": "set_attributes",
							"modifiers": [
								{
									"name": "chest_knockbackResistance",
									"attribute": "generic.knockbackResistance",
									"operation": "addition",
									"amount": {
										"min": 0.1,
										"max": 0.3
									},
									"slot": "chest"
								}
							],
							"conditions": [
								{
									"condition": "random_chance",
									"chance": 0.5
								}
							]
						},
						{
							"function": "set_attributes",
							"modifiers": [
								{
									"name": "chest_movementSpeed",
									"attribute": "generic.movementSpeed",
									"operation": "addition",
									"amount": {
										"min": 0.005,
										"max": 0.020
									},
									"slot": "chest"
								}
							],
							"conditions": [
								{
									"condition": "random_chance",
									"chance": 0.5
								}
							]
						}
					]
				}
			]
		}
	]
}