{
	"parent": "cpp:food/root",
	"criteria": {
	   "melon": {
		   "trigger": "minecraft:consume_item",
		   "conditions": {
			   "item": {
				   "item": "minecraft:melon"
				}
			}
		},
	   "chorus_fruit": {
		   "trigger": "minecraft:consume_item",
		   "conditions": {
			   "item": {
				   "item": "minecraft:chorus_fruit"
				}
			}
		},
	   "mushroom_stew": {
		   "trigger": "minecraft:consume_item",
		   "conditions": {
			   "item": {
				   "item": "minecraft:mushroom_stew"
				}
			}
		}
	},
	"requirements":[
		[
			"melon",
			"chorus_fruit",
			"mushroom_stew"
		]
	],
	"rewards":{
		"function": "cpp:food/neg2"
	}
}