{
	"criteria": {
		"cooked_chicken": {
			"trigger": "minecraft:consume_item",
			"conditions": {
				"item": {
					"item": "minecraft:cooked_chicken"
				}
			}
		},
		"cooked_mutton": {
			"trigger": "minecraft:consume_item",
			"conditions": {
				"item": {
					"item": "minecraft:cooked_mutton"
				}
			}
		},
		"cooked_salmon": {
			"trigger": "minecraft:consume_item",
			"conditions": {
				"item": {
					"item": "minecraft:cooked_salmon"
				}
			}
		},
		"raw_braised_beef_with_potatoes": {
			"trigger": "minecraft:consume_item",
			"conditions": {
				"item": {
					"nbt": "{id:\"cpp:raw_braised_beef_with_potatoes\"}"
				}
			}
		},
		"raw_rabbit_stew": {
			"trigger": "minecraft:consume_item",
			"conditions": {
				"item": {
					"nbt": "{id:\"cpp:raw_rabbit_stew\"}"
				}
			}
		},
		"raw_braised_pork_with_potatoes": {
			"trigger": "minecraft:consume_item",
			"conditions": {
				"item": {
					"nbt": "{id:\"cpp:raw_braised_pork_with_potatoes\"}"
				}
			}
		},
		"braised_beef_with_potatoes": {
			"trigger": "minecraft:consume_item",
			"conditions": {
				"item": {
					"nbt": "{id:\"cpp:braised_beef_with_potatoes\"}"
				}
			}
		},
		"rabbit_stew": {
			"trigger": "minecraft:consume_item",
			"conditions": {
				"item": {
					"nbt": "{id:\"cpp:rabbit_stew\"}"
				}
			}
		},
		"braised_pork_with_potatoes": {
			"trigger": "minecraft:consume_item",
			"conditions": {
				"item": {
					"nbt": "{id:\"cpp:braised_pork_with_potatoes\"}"
				}
			}
		},
		"fish_and_chips": {
			"trigger": "minecraft:consume_item",
			"conditions": {
				"item": {
					"nbt": "{id:\"cpp:fish_and_chips\"}"
				}
			}
		}
	},
	"requirements":[
		[
			"cooked_chicken",
			"cooked_mutton",
			"cooked_salmon",
			"raw_braised_beef_with_potatoes",
			"raw_rabbit_stew",
			"raw_braised_pork_with_potatoes",
			"braised_beef_with_potatoes",
			"rabbit_stew",
			"braised_pork_with_potatoes",
			"fish_and_chips"
		]
	],
	"rewards":{
		"function": "cpp:foods/fatness/pos6"
	}
}