{
	"display": {
		"icon": {
			"item": "minecraft:player_head",
			"nbt":"{SkullOwner:{Id:\"3eca1bb8-97a9-43e0-816c-95a5fd2a8f4e\",Properties:{textures:[{Value:\"eyJ0ZXh0dXJlcyI6eyJTS0lOIjp7InVybCI6Imh0dHA6Ly90ZXh0dXJlcy5taW5lY3JhZnQubmV0L3RleHR1cmUvNGY2ZmI4OWQxYzYzMWJkN2U3OWZlMTg1YmExYTY3MDU0MjVmNWMzMWE1ZmY2MjY1MjFlMzk1ZDRhNmY3ZTIifX19\"}]}}}"
		},
		"title":{
			"translate": "advancements.cpp.shining.title"
		},
		"description": {
			"translate": "advancements.cpp.shining.description"
		},
		"frame": "goal"
	},
	"parent": "cpp:sponge",
	"criteria": {
		"shining": {
			"trigger": "minecraft:player_killed_entity",
			"conditions": {
				"entity": {
					"type": "minecraft:vindicator"
				}
			}
		}
	},
	"rewards":{
		"experience": 100
	}
}