{
	"pools": [
		{
			"rolls": 1,
			"entries": [
				{
					"type": "item",
					"name": "minecraft:leather_leggings",
					"conditions": [
						{
							"condition": "random_chance",
							"chance": 0.25
						}
					],
					"functions": [
						{
							"function": "enchant_with_levels",
							"treasure": true,
							"levels": {
								"min": 10,
								"max": 30
							}
						},
						{
							"function": "set_damage",
							"damage": {
								"min": 0.01,
								"max": 0.10
							}
						}
					]
				},
				{
					"type": "item",
					"name": "minecraft:iron_leggings",
					"conditions": [
						{
							"condition": "random_chance",
							"chance": 0.25
						}
					],
					"functions": [
						{
							"function": "enchant_with_levels",
							"treasure": true,
							"levels": {
								"min": 10,
								"max": 30
							}
						},
						{
							"function": "set_damage",
							"damage": {
								"min": 0.01,
								"max": 0.10
							}
						}
					]
				},
				{
					"type": "item",
					"name": "minecraft:golden_leggings",
					"conditions": [
						{
							"condition": "random_chance",
							"chance": 0.2
						}
					],
					"functions": [
						{
							"function": "enchant_with_levels",
							"treasure": true,
							"levels": {
								"min": 10,
								"max": 30
							}
						},
						{
							"function": "set_damage",
							"damage": {
								"min": 0.01,
								"max": 0.10
							}
						}
					]
				},
				{
					"type": "item",
					"name": "minecraft:chainmail_leggings",
					"conditions": [
						{
							"condition": "random_chance",
							"chance": 0.2
						}
					],
					"functions": [
						{
							"function": "enchant_with_levels",
							"treasure": true,
							"levels": {
								"min": 10,
								"max": 30
							}
						},
						{
							"function": "set_damage",
							"damage": {
								"min": 0.01,
								"max": 0.10
							}
						}
					]
				},
				{
					"type": "item",
					"name": "minecraft:diamond_leggings",
					"conditions": [
						{
							"condition": "random_chance",
							"chance": 0.1
						}
					],
					"functions": [
						{
							"function": "enchant_with_levels",
							"treasure": true,
							"levels": {
								"min": 10,
								"max": 30
							}
						},
						{
							"function": "set_damage",
							"damage": {
								"min": 0.01,
								"max": 0.10
							}
						}
					]
				}
			]
		}
	]
}