{
	"criteria": {
		"emerald": {
			"trigger": "minecraft:inventory_changed",
			"conditions": {
				"items": [
					{
						"item": "minecraft:emerald"
					}
				]
			}
		},
		"snowball": {
			"trigger": "minecraft:inventory_changed",
			"conditions": {
				"items": [
					{
						"item": "minecraft:snowball",
						"count": {
							"min": 8
						}
					}
				]
			}
		},
		"has_the_recipe": {
			"trigger": "minecraft:recipe_unlocked",
			"conditions": {
				"recipe": "cpp:egg"
			}
		}
	},
	"rewards":{
		"recipes": ["cpp:egg"]
	},
	"requirements": [
		[
			"emerald",
			"snowball",
			"has_the_recipe"
		]
	]
}