{
    "pools": [
        {
            "rolls": 1,
            "entries": [
                {
                    "type": "item",
                    "name": "minecraft:porkchop",
                    "weight": 1,
                    "functions": [
                        {
                            "function": "set_count",
                            "count": {
                                "min": 1,
                                "max": 3
                            }
                        },
                        {
                            "function": "furnace_smelt",
                            "conditions": [
                                {
                                    "condition": "entity_properties",
                                    "entity": "this",
                                    "properties": {
                                        "on_fire": true
                                    }
                                }
                            ]
                        },
                        {
                            "function": "looting_enchant",
                            "count": {
                                "min": 0,
                                "max": 1
                            }
                        }
                    ]
                }
            ]
        },
        {
            "conditions": [
                {
                    "condition": "killed_by_player"
                },
                {
                    "condition": "random_chance_with_looting",
                    "chance": 0.025,
                    "looting_multiplier": 0.01
                }
            ],
            "rolls": 1,
            "entries": [
                {
                    "type": "item",
                    "name": "minecraft:skull",
                    "weight": 1,
                    "functions": [
						{
							"function": "set_data",
							"data": 3
						},
						{
							"function": "set_nbt",
							"tag": "{display:{LocName:\"craftingpp.drop.pigskull\"},SkullOwner:{Id:\"e1e1c2e4-1ed2-473d-bde2-3ec718535399\",Properties:{textures:[{Value:\"eyJ0ZXh0dXJlcyI6eyJTS0lOIjp7InVybCI6Imh0dHA6Ly90ZXh0dXJlcy5taW5lY3JhZnQubmV0L3RleHR1cmUvNjIxNjY4ZWY3Y2I3OWRkOWMyMmNlM2QxZjNmNGNiNmUyNTU5ODkzYjZkZjRhNDY5NTE0ZTY2N2MxNmFhNCJ9fX0=\"}]}}}"
						}
                    ]
                }
            ]
        }
    ]
}