{
	"pools":[
        {
            "rolls": 1,
            "entries": [
                {
                    "type": "item",
                    "name": "minecraft:emerald",
                    "weight": 1,
                    "functions": [
                        {
                            "function": "set_count",
                            "count": {
                                "min": 0,
                                "max": 2
                            }
                        },
                        {
                            "function": "looting_enchant",
                            "count": {
                                "min": 0,
                                "max": 1
                            }
                        }
                    ]
				}
            ]
        },
        {
            "conditions": [
                {
                    "condition": "killed_by_player"
                },
                {
                    "condition": "random_chance_with_looting",
                    "chance": 0.025,
                    "looting_multiplier": 0.01
                }
            ],
            "rolls": 1,
            "entries": [
                {
                    "type": "item",
                    "name": "minecraft:emerald",
                    "weight": 1,
                    "functions": [
						{
							"function": "set_nbt",
							"tag": "{display:{LocName:\"craftingpp.drop.proofofliver\"},ench:[{id:999s,lvl:1s}]}"
						}
                    ]
                },
                {
                    "type": "item",
                    "name": "minecraft:skull",
                    "weight": 1,
                    "functions": [
						{
							"function": "set_data",
							"data": 3
						},
						{
							"function": "set_nbt",
							"tag": "{display:{LocName:\"craftingpp.drop.villagerskull\"},SkullOwner:{Id:\"0a9e8efb-9191-4c81-80f5-e27ca5433156\",Properties:{textures:[{Value:\"eyJ0ZXh0dXJlcyI6eyJTS0lOIjp7InVybCI6Imh0dHA6Ly90ZXh0dXJlcy5taW5lY3JhZnQubmV0L3RleHR1cmUvODIyZDhlNzUxYzhmMmZkNGM4OTQyYzQ0YmRiMmY1Y2E0ZDhhZThlNTc1ZWQzZWIzNGMxOGE4NmU5M2IifX19\"}]}}}"
						}
                    ]
                }
            ]
        }
    ]
}