{
	"criteria": {
		"red_nether_brick_slab": {
			"trigger": "minecraft:inventory_changed",
			"conditions": {
				"items": [
					{
						"item": "minecraft:red_nether_brick_slab",
						"count": {
							"min": 2
						}
					}
				]
			}
		},
		"has_the_recipe": {
			"trigger": "minecraft:recipe_unlocked",
			"conditions": {
				"recipe": "cpp:slab_to_block/red_nether_brick_slab"
			}
		}
	},
	"rewards":{
		"recipes": ["cpp:slab_to_block/red_nether_brick_slab"]
	},
	"requirements": [
		[
			"red_nether_brick_slab",
			"has_the_recipe"
		]
	]
}