{
	"parent": "cpp:food/root",
	"criteria": {
	   "cooked_chicken": {
		   "trigger": "minecraft:consume_item",
		   "conditions": {
			   "item": {
				   "item": "minecraft:cooked_chicken"
				}
			}
		},
	   "cooked_rabbit": {
		   "trigger": "minecraft:consume_item",
		   "conditions": {
			   "item": {
				   "item": "minecraft:cooked_rabbit"
				}
			}
		}
	},
	"requirements":[
		[
			"cooked_chicken",
			"cooked_rabbit"
		]
	],
	"rewards":{
		"function": "cpp:food/pos6"
	}
}