{
	"pools": [
		{
			"rolls": 1,
			"entries": [
				{
					"type": "minecraft:item",
					"name": "minecraft:carrot",
					"functions": [
						{
							"function": "minecraft:set_count",
							"count": {
								"min": 1,
								"max": 3
							}
						},
						{
							"function": "set_nbt",
							"tag": "{display:{Lore:[\"{\\\"text\\\":\\\"§r\\\"}\"]}}"
						}
					]
				}
			]
		},
		{
			"rolls": 1.0,
			"entries": [
				{
					"type": "minecraft:loot_table",
					"name": "cpp:crops/mod_seeds"
				}
			]
		}
	]
}