{
	"pools": [
		{
			"rolls": 1,
			"entries": [
				{
					"type": "minecraft:alternatives",
					"children": [
						{
							"conditions": [
								{
									"condition": "minecraft:location_check",
									"predicate": {
										"block": {
											"nbt": "{Items:[{id:'minecraft:iron_ore'}]}"
										}
									}
								}
							],
							"type": "minecraft:loot_table",
							"name": "cpp:all_in_one_machine/items/iron_ore"
						},
						{
							"conditions": [
								{
									"condition": "minecraft:location_check",
									"predicate": {
										"block": {
											"nbt": "{Items:[{id:'minecraft:gold_ore'}]}"
										}
									}
								}
							],
							"type": "minecraft:loot_table",
							"name": "cpp:all_in_one_machine/items/gold_ore"
						},
						{
							"conditions": [
								{
									"condition": "minecraft:location_check",
									"predicate": {
										"block": {
											"nbt": "{Items:[{id:'minecraft:coal_ore'}]}"
										}
									}
								}
							],
							"type": "minecraft:loot_table",
							"name": "cpp:all_in_one_machine/items/coal_ore"
						},
						{
							"conditions": [
								{
									"condition": "minecraft:location_check",
									"predicate": {
										"block": {
											"nbt": "{Items:[{id:'minecraft:emerald_ore'}]}"
										}
									}
								}
							],
							"type": "minecraft:loot_table",
							"name": "cpp:all_in_one_machine/items/emerald_ore"
						},
						{
							"conditions": [
								{
									"condition": "minecraft:location_check",
									"predicate": {
										"block": {
											"nbt": "{Items:[{id:'minecraft:diamond_ore'}]}"
										}
									}
								}
							],
							"type": "minecraft:loot_table",
							"name": "cpp:all_in_one_machine/items/diamond_ore"
						},
						{
							"conditions": [
								{
									"condition": "minecraft:location_check",
									"predicate": {
										"block": {
											"nbt": "{Items:[{id:'minecraft:nether_quartz_ore'}]}"
										}
									}
								}
							],
							"type": "minecraft:loot_table",
							"name": "cpp:all_in_one_machine/items/nether_quartz_ore"
						},
						{
							"conditions": [
								{
									"condition": "minecraft:location_check",
									"predicate": {
										"block": {
											"nbt": "{Items:[{id:'minecraft:redstone_ore'}]}"
										}
									}
								}
							],
							"type": "minecraft:loot_table",
							"name": "cpp:all_in_one_machine/items/redstone_ore"
						},
						{
							"conditions": [
								{
									"condition": "minecraft:location_check",
									"predicate": {
										"block": {
											"nbt": "{Items:[{id:'minecraft:lapis_ore'}]}"
										}
									}
								}
							],
							"type": "minecraft:loot_table",
							"name": "cpp:all_in_one_machine/items/lapis_ore"
						}
					]
				}
			]
		}
	]
}