{
	"pools": [
		{
			"rolls": 1,
			"entries": [
				{
					"type": "item",
					"name": "minecraft:poppy",
					"weight": 1,
					"functions": [
						{
							"function": "set_count",
							"count": {
								"min": 0,
								"max": 2
							}
						}
					]
				}
			]
		},
		{
			"rolls": 1,
			"entries": [
				{
					"type": "item",
					"name": "minecraft:iron_ingot",
					"weight": 1,
					"functions": [
						{
							"function": "set_count",
							"count": {
								"min": 3,
								"max": 5
							}
						}
					]
				}
			]
		},
		{
			"conditions": [
				{
					"condition": "killed_by_player"
				},
				{
					"condition": "random_chance_with_looting",
					"chance": 0.025,
					"looting_multiplier": 0.01
				}
			],
			"rolls": 1,
			"entries": [
				{
					"type": "item",
					"name": "minecraft:player_head",
					"weight": 1,
					"functions": [
						{
							"function": "set_nbt",
							"tag": "{display:{Name:\"{\\\"translate\\\":\\\"item.cpp.iron_golem_head\\\"}\"},SkullOwner:{Id:\"7cb6e9a5-994f-40d5-9bfc-4ba5d796d21e\",Properties:{textures:[{Value:\"eyJ0ZXh0dXJlcyI6eyJTS0lOIjp7InVybCI6Imh0dHA6Ly90ZXh0dXJlcy5taW5lY3JhZnQubmV0L3RleHR1cmUvODkwOTFkNzllYTBmNTllZjdlZjk0ZDdiYmE2ZTVmMTdmMmY3ZDQ1NzJjNDRmOTBmNzZjNDgxOWE3MTQifX19\"}]}}}"
						}
					]
				}
			]
		}
	]
}