{
	"pools": [
		{
			"rolls": 1, 
			"entries": [
				{
					"type": "item", 
					"name": "minecraft:glass_bottle",
					"weight": 1
				}
			]
		},
		{
			"rolls": 1, 
			"entries": [
				{
					"type": "item", 
					"name": "minecraft:iron_ingot",
					"weight": 1,
					"functions": [
						{
							"function": "set_count", 
							"count": {
								"min": 1,
								"max": 2
							}
						}
					]
				}
			]
		},
		{
			"rolls": 1,
			"entries": [
				{
					"type": "item", 
					"name": "minecraft:gold_nugget", 
					"weight": 1,
					"functions": [
						{
							"function": "set_count", 
							"count": {
								"min": 1,
								"max": 2
							}
						}
					]
				}
			]
		},
		{
			"rolls": 1,
			"entries": [
				{
					"type": "item", 
					"name": "minecraft:iron_ingot", 
					"weight": 1,
					"conditions": [
						{
							"condition": "random_chance",
							"chance": 0.1
						}
					],
					"functions": [
						{
							"function": "set_nbt",
							"tag": "{display:{Name:\"{\\\"translate\\\":\\\"cpp.item.enchanted_iron\\\"}\"},cppid:\"enchanted_iron\",ench:[{id:999s}]}"
						}
					]
				}
			]
		}
	]
}