{
	"pools": [
		{
			"rolls": 1, 
			"entries": [
				{
					"type": "item", 
					"name": "minecraft:glass_bottle",
					"weight": 1
				}
			]
		},
		{
			"rolls": 1, 
			"entries": [
				{
					"type": "item", 
					"name": "minecraft:quartz",
					"weight": 1,
					"functions": [
						{
							"function": "set_count", 
							"count": {
								"min": 2,
								"max": 3
							}
						}
					]
				}
			]
		},
		{
			"rolls": 1,
			"entries": [
				{
					"type": "item", 
					"name": "minecraft:nether_star", 
					"weight": 1,
					"conditions": [
						{
							"condition": "random_chance",
							"chance": 0.001
						}
					]
				}
			]
		}
	]
}