{
	"pools": [
		{
			"rolls": 1,
			"entries": [
				{
					"type": "minecraft:alternatives",
					"children": [
						{
							"_comment": "锁链靴子",
							"conditions": [
								{
									"condition": "minecraft:location_check",
									"predicate": {
										"block": {
											"nbt": "{Items:[{Slot:1b,tag:{id:'cpp:iron_chain'}},{Slot:3b,tag:{id:'cpp:iron_chain'}},{Slot:10b,tag:{id:'cpp:iron_chain'}},{Slot:12b,tag:{id:'cpp:iron_chain'}}]}"
										}
									}
								}
							],
							"type": "minecraft:item",
							"name": "minecraft:chainmail_boots"
						},
						{
							"_comment": "锁链靴子",
							"conditions": [
								{
									"condition": "minecraft:location_check",
									"predicate": {
										"block": {
											"nbt": "{Items:[{Slot:10b,tag:{id:'cpp:iron_chain'}},{Slot:12b,tag:{id:'cpp:iron_chain'}},{Slot:19b,tag:{id:'cpp:iron_chain'}},{Slot:21b,tag:{id:'cpp:iron_chain'}}]}"
										}
									}
								}
							],
							"type": "minecraft:item",
							"name": "minecraft:chainmail_boots"
						},
						{
							"_comment": "雪地靴",
							"conditions": [
								{
									"condition": "minecraft:location_check",
									"predicate": {
										"block": {
											"nbt": "{Items:[{Slot:1b,id:'minecraft:leather'},{Slot:3b,id:'minecraft:leather'},{Slot:10b,id:'minecraft:brown_dye'},{Slot:12b,id:'minecraft:brown_dye'}]}"
										}
									}
								}
							],
							"type": "minecraft:loot_table",
							"name": "cpp:snow_boots"
						},
						{
							"_comment": "雪地靴",
							"conditions": [
								{
									"condition": "minecraft:location_check",
									"predicate": {
										"block": {
											"nbt": "{Items:[{Slot:10b,id:'minecraft:leather'},{Slot:12b,id:'minecraft:leather'},{Slot:19b,id:'minecraft:brown_dye'},{Slot:21b,id:'minecraft:brown_dye'}]}"
										}
									}
								}
							],
							"type": "minecraft:loot_table",
							"name": "cpp:snow_boots"
						},
						{
							"_comment": "肥料",
							"conditions": [
								{
									"condition": "minecraft:location_check",
									"predicate": {
										"block": {
											"nbt": "{Items:[{id:'minecraft:bone_meal'},{id:'minecraft:rotten_flesh'},{id:'minecraft:charcoal'},{id:'minecraft:gunpowder'}]}"
										}
									}
								}
							],
							"type": "minecraft:loot_table",
							"name": "cpp:fertilizer",
							"functions": [
								{
									"function": "minecraft:set_count",
									"count": 4
								}
							]
						},
						{
							"_comment": "圣诞花",
							"conditions": [
								{
									"condition": "minecraft:location_check",
									"predicate": {
										"block": {
											"nbt": "{Items:[{id:'minecraft:poppy'},{tag:{id:'cpp:lycoris_radiata'}},{tag:{id:'cpp:glazed_shade'}},{tag:{id:'cpp:marigold'}}]}"
										}
									}
								}
							],
							"type": "minecraft:loot_table",
							"name": "cpp:poinsettia"
						},
						{
							"_comment": "仰望星空派",
							"conditions": [
								{
									"condition": "minecraft:location_check",
									"predicate": {
										"block": {
											"nbt": "{Items:[{id:'minecraft:cooked_porkchop'},{id:'minecraft:cooked_salmon'},{id:'minecraft:brown_mushroom'},{id:'minecraft:wheat'}]}"
										}
									}
								}
							],
							"type": "minecraft:loot_table",
							"name": "cpp:stargazy_pie"
						},
						{
							"_comment": "新春装饰",
							"conditions": [
								{
									"condition": "minecraft:location_check",
									"predicate": {
										"block": {
											"nbt": "{Items:[{id:'minecraft:feather'},{id:'minecraft:black_dye'},{id:'minecraft:red_dye'},{id:'minecraft:paper'}]}"
										}
									}
								}
							],
							"type": "minecraft:loot_table",
							"name": "cpp:spring_festival_decorations"
						},
						{
							"conditions": [
								{
									"condition": "minecraft:location_check",
									"predicate": {
										"block": {
											"nbt": "{Items:[{id:'minecraft:red_mushroom'},{id:'minecraft:brown_mushroom'},{id:'minecraft:bowl'},{tag:{id:'cpp:lycoris_radiata'}}]}"
										}
									}
								}
							],
							"type": "minecraft:item",
							"name": "minecraft:suspicious_stew",
							"functions": [
								{
									"function": "minecraft:set_stew_effect",
									"effects": [
										{
											"type": "minecraft:strength",
											"duration": 100
										}
									]
								}
							]
						},
						{
							"conditions": [
								{
									"condition": "minecraft:location_check",
									"predicate": {
										"block": {
											"nbt": "{Items:[{id:'minecraft:red_mushroom'},{id:'minecraft:brown_mushroom'},{id:'minecraft:bowl'},{tag:{id:'cpp:trifolium'}}]}"
										}
									}
								}
							],
							"type": "minecraft:item",
							"name": "minecraft:suspicious_stew",
							"functions": [
								{
									"function": "minecraft:set_stew_effect",
									"effects": [
										{
											"type": "minecraft:mining_fatigue",
											"duration": 100
										}
									]
								}
							]
						},
						{
							"conditions": [
								{
									"condition": "minecraft:location_check",
									"predicate": {
										"block": {
											"nbt": "{Items:[{id:'minecraft:red_mushroom'},{id:'minecraft:brown_mushroom'},{id:'minecraft:bowl'},{tag:{id:'cpp:blackthorn'}}]}"
										}
									}
								}
							],
							"type": "minecraft:item",
							"name": "minecraft:suspicious_stew",
							"functions": [
								{
									"function": "minecraft:set_stew_effect",
									"effects": [
										{
											"type": "minecraft:wither",
											"duration": 100
										}
									]
								}
							]
						},
						{
							"conditions": [
								{
									"condition": "minecraft:location_check",
									"predicate": {
										"block": {
											"nbt": "{Items:[{id:'minecraft:red_mushroom'},{id:'minecraft:brown_mushroom'},{id:'minecraft:bowl'},{tag:{id:'cpp:cattail'}}]}"
										}
									}
								}
							],
							"type": "minecraft:item",
							"name": "minecraft:suspicious_stew",
							"functions": [
								{
									"function": "minecraft:set_stew_effect",
									"effects": [
										{
											"type": "minecraft:invisibility",
											"duration": 100
										}
									]
								}
							]
						},
						{
							"conditions": [
								{
									"condition": "minecraft:location_check",
									"predicate": {
										"block": {
											"nbt": "{Items:[{id:'minecraft:red_mushroom'},{id:'minecraft:brown_mushroom'},{id:'minecraft:bowl'},{tag:{id:'cpp:marigold'}}]}"
										}
									}
								}
							],
							"type": "minecraft:item",
							"name": "minecraft:suspicious_stew",
							"functions": [
								{
									"function": "minecraft:set_stew_effect",
									"effects": [
										{
											"type": "minecraft:haste",
											"duration": 100
										}
									]
								}
							]
						},
						{
							"conditions": [
								{
									"condition": "minecraft:location_check",
									"predicate": {
										"block": {
											"nbt": "{Items:[{id:'minecraft:red_mushroom'},{id:'minecraft:brown_mushroom'},{id:'minecraft:bowl'},{tag:{id:'cpp:hibiscus'}}]}"
										}
									}
								}
							],
							"type": "minecraft:item",
							"name": "minecraft:suspicious_stew",
							"functions": [
								{
									"function": "minecraft:set_stew_effect",
									"effects": [
										{
											"type": "minecraft:weakness",
											"duration": 100
										}
									]
								}
							]
						},
						{
							"conditions": [
								{
									"condition": "minecraft:location_check",
									"predicate": {
										"block": {
											"nbt": "{Items:[{id:'minecraft:red_mushroom'},{id:'minecraft:brown_mushroom'},{id:'minecraft:bowl'},{tag:{id:'cpp:hyacinth'}}]}"
										}
									}
								}
							],
							"type": "minecraft:item",
							"name": "minecraft:suspicious_stew",
							"functions": [
								{
									"function": "minecraft:set_stew_effect",
									"effects": [
										{
											"type": "minecraft:jump_boost",
											"duration": 100
										}
									]
								}
							]
						},
						{
							"conditions": [
								{
									"condition": "minecraft:location_check",
									"predicate": {
										"block": {
											"nbt": "{Items:[{id:'minecraft:red_mushroom'},{id:'minecraft:brown_mushroom'},{id:'minecraft:bowl'},{tag:{id:'cpp:calamus'}}]}"
										}
									}
								}
							],
							"type": "minecraft:item",
							"name": "minecraft:suspicious_stew",
							"functions": [
								{
									"function": "minecraft:set_stew_effect",
									"effects": [
										{
											"type": "minecraft:nausea",
											"duration": 100
										}
									]
								}
							]
						},
						{
							"conditions": [
								{
									"condition": "minecraft:location_check",
									"predicate": {
										"block": {
											"nbt": "{Items:[{id:'minecraft:red_mushroom'},{id:'minecraft:brown_mushroom'},{id:'minecraft:bowl'},{tag:{id:'cpp:wild_lilium'}}]}"
										}
									}
								}
							],
							"type": "minecraft:item",
							"name": "minecraft:suspicious_stew",
							"functions": [
								{
									"function": "minecraft:set_stew_effect",
									"effects": [
										{
											"type": "minecraft:poison",
											"duration": 100
										}
									]
								}
							]
						},
						{
							"conditions": [
								{
									"condition": "minecraft:location_check",
									"predicate": {
										"block": {
											"nbt": "{Items:[{id:'minecraft:red_mushroom'},{id:'minecraft:brown_mushroom'},{id:'minecraft:bowl'},{tag:{id:'cpp:bauhinia'}}]}"
										}
									}
								}
							],
							"type": "minecraft:item",
							"name": "minecraft:suspicious_stew",
							"functions": [
								{
									"function": "minecraft:set_stew_effect",
									"effects": [
										{
											"type": "minecraft:saturation",
											"duration": 100
										}
									]
								}
							]
						},
						{
							"conditions": [
								{
									"condition": "minecraft:location_check",
									"predicate": {
										"block": {
											"nbt": "{Items:[{id:'minecraft:red_mushroom'},{id:'minecraft:brown_mushroom'},{id:'minecraft:bowl'},{tag:{id:'cpp:fluffy_grass'}}]}"
										}
									}
								}
							],
							"type": "minecraft:item",
							"name": "minecraft:suspicious_stew",
							"functions": [
								{
									"function": "minecraft:set_stew_effect",
									"effects": [
										{
											"type": "minecraft:levitation",
											"duration": 100
										}
									]
								}
							]
						},
						{
							"conditions": [
								{
									"condition": "minecraft:location_check",
									"predicate": {
										"block": {
											"nbt": "{Items:[{id:'minecraft:red_mushroom'},{id:'minecraft:brown_mushroom'},{id:'minecraft:bowl'},{tag:{id:'cpp:gerbera'}}]}"
										}
									}
								}
							],
							"type": "minecraft:item",
							"name": "minecraft:suspicious_stew",
							"functions": [
								{
									"function": "minecraft:set_stew_effect",
									"effects": [
										{
											"type": "minecraft:blindness",
											"duration": 100
										}
									]
								}
							]
						},
						{
							"conditions": [
								{
									"condition": "minecraft:location_check",
									"predicate": {
										"block": {
											"nbt": "{Items:[{id:'minecraft:red_mushroom'},{id:'minecraft:brown_mushroom'},{id:'minecraft:bowl'},{tag:{id:'cpp:esparto'}}]}"
										}
									}
								}
							],
							"type": "minecraft:item",
							"name": "minecraft:suspicious_stew",
							"functions": [
								{
									"function": "minecraft:set_stew_effect",
									"effects": [
										{
											"type": "minecraft:speed",
											"duration": 100
										}
									]
								}
							]
						},
						{
							"conditions": [
								{
									"condition": "minecraft:location_check",
									"predicate": {
										"block": {
											"nbt": "{Items:[{id:'minecraft:red_mushroom'},{id:'minecraft:brown_mushroom'},{id:'minecraft:bowl'},{tag:{id:'cpp:glow_forsythia'}}]}"
										}
									}
								}
							],
							"type": "minecraft:item",
							"name": "minecraft:suspicious_stew",
							"functions": [
								{
									"function": "minecraft:set_stew_effect",
									"effects": [
										{
											"type": "minecraft:glowing",
											"duration": 100
										}
									]
								}
							]
						},
						{
							"conditions": [
								{
									"condition": "minecraft:location_check",
									"predicate": {
										"block": {
											"nbt": "{Items:[{id:'minecraft:red_mushroom'},{id:'minecraft:brown_mushroom'},{id:'minecraft:bowl'},{tag:{id:'cpp:glazed_shade'}}]}"
										}
									}
								}
							],
							"type": "minecraft:item",
							"name": "minecraft:suspicious_stew",
							"functions": [
								{
									"function": "minecraft:set_stew_effect",
									"effects": [
										{
											"type": "minecraft:water_breathing",
											"duration": 100
										}
									]
								}
							]
						},
						{
							"conditions": [
								{
									"condition": "minecraft:location_check",
									"predicate": {
										"block": {
											"nbt": "{Items:[{id:'minecraft:red_mushroom'},{id:'minecraft:brown_mushroom'},{id:'minecraft:bowl'},{tag:{id:'cpp:stelera'}}]}"
										}
									}
								}
							],
							"type": "minecraft:item",
							"name": "minecraft:suspicious_stew",
							"functions": [
								{
									"function": "minecraft:set_stew_effect",
									"effects": [
										{
											"type": "minecraft:poison",
											"duration": 100
										}
									]
								}
							]
						},
						{
							"conditions": [
								{
									"condition": "minecraft:location_check",
									"predicate": {
										"block": {
											"nbt": "{Items:[{id:'minecraft:red_mushroom'},{id:'minecraft:brown_mushroom'},{id:'minecraft:bowl'},{tag:{id:'cpp:forage_crystal'}}]}"
										}
									}
								}
							],
							"type": "minecraft:item",
							"name": "minecraft:suspicious_stew",
							"functions": [
								{
									"function": "minecraft:set_stew_effect",
									"effects": [
										{
											"type": "minecraft:regeneration",
											"duration": 100
										}
									]
								}
							]
						},
						{
							"conditions": [
								{
									"condition": "minecraft:location_check",
									"predicate": {
										"block": {
											"nbt": "{Items:[{id:'minecraft:red_mushroom'},{id:'minecraft:brown_mushroom'},{id:'minecraft:bowl'},{tag:{id:'cpp:isorchid'}}]}"
										}
									}
								}
							],
							"type": "minecraft:item",
							"name": "minecraft:suspicious_stew",
							"functions": [
								{
									"function": "minecraft:set_stew_effect",
									"effects": [
										{
											"type": "minecraft:resistance",
											"duration": 100
										}
									]
								}
							]
						},
						{
							"conditions": [
								{
									"condition": "minecraft:location_check",
									"predicate": {
										"block": {
											"nbt": "{Items:[{id:'minecraft:red_mushroom'},{id:'minecraft:brown_mushroom'},{id:'minecraft:bowl'},{tag:{id:'cpp:burning_chrysanthe'}}]}"
										}
									}
								}
							],
							"type": "minecraft:item",
							"name": "minecraft:suspicious_stew",
							"functions": [
								{
									"function": "minecraft:set_stew_effect",
									"effects": [
										{
											"type": "minecraft:fire_resistance",
											"duration": 100
										}
									]
								}
							]
						},
						{
							"conditions": [
								{
									"condition": "minecraft:location_check",
									"predicate": {
										"block": {
											"nbt": "{Items:[{id:'minecraft:red_mushroom'},{id:'minecraft:brown_mushroom'},{id:'minecraft:bowl'},{tag:{id:'cpp:oxalis'}}]}"
										}
									}
								}
							],
							"type": "minecraft:item",
							"name": "minecraft:suspicious_stew",
							"functions": [
								{
									"function": "minecraft:set_stew_effect",
									"effects": [
										{
											"type": "minecraft:slowness",
											"duration": 100
										}
									]
								}
							]
						},
						{
							"conditions": [
								{
									"condition": "minecraft:location_check",
									"predicate": {
										"block": {
											"nbt": "{Items:[{id:'minecraft:red_banner'},{id:'minecraft:peony'},{tag:{id:'cpp:burning_chrysanthe'}},{tag:{id:'cpp:marigold'}}]}"
										}
									}
								}
							],
							"type": "minecraft:loot_table",
							"name": "cpp:china_flag"
						},
						{
							"conditions": [
								{
									"condition": "minecraft:location_check",
									"predicate": {
										"block": {
											"nbt": "{Items:[{id:'minecraft:white_banner'},{id:'minecraft:rose_bush'},{tag:{id:'cpp:hyacinth'}},{tag:{id:'cpp:fluffy_grass'}}]}"
										}
									}
								}
							],
							"type": "minecraft:loot_table",
							"name": "cpp:usa_flag"
						},
						{
							"conditions": [
								{
									"condition": "minecraft:location_check",
									"predicate": {
										"block": {
											"nbt": "{Items:[{id:'minecraft:red_banner'},{id:'minecraft:sunflower'},{tag:{id:'cpp:hyacinth'}},{tag:{id:'cpp:fluffy_grass'}}]}"
										}
									}
								}
							],
							"type": "minecraft:loot_table",
							"name": "cpp:russia_flag"
						},
						{
							"conditions": [
								{
									"condition": "minecraft:location_check",
									"predicate": {
										"block": {
											"nbt": "{Items:[{id:'minecraft:red_banner'},{id:'minecraft:cornflower'},{tag:{id:'cpp:hyacinth'}},{tag:{id:'cpp:fluffy_grass'}}]}"
										}
									}
								}
							],
							"type": "minecraft:loot_table",
							"name": "cpp:france_flag"
						},
						{
							"conditions": [
								{
									"condition": "minecraft:location_check",
									"predicate": {
										"block": {
											"nbt": "{Items:[{id:'minecraft:white_banner'},{id:'minecraft:poppy'},{tag:{id:'cpp:hyacinth'}},{tag:{id:'cpp:fluffy_grass'}}]}"
										}
									}
								}
							],
							"type": "minecraft:loot_table",
							"name": "cpp:uk_flag"
						},
						{
							"conditions": [
								{
									"condition": "minecraft:location_check",
									"predicate": {
										"block": {
											"nbt": "{Items:[{id:'minecraft:painting'},{tag:{id:'cpp:blackthorn'}},{tag:{id:'cpp:trifolium'}},{tag:{id:'cpp:esparto'}}]}"
										}
									}
								}
							],
							"type": "minecraft:loot_table",
							"name": "cpp:bilibili_logo"
						},
						{
							"conditions": [
								{
									"condition": "minecraft:location_check",
									"predicate": {
										"block": {
											"nbt": "{Items:[{id:'minecraft:painting'},{tag:{id:'cpp:blackthorn'}},{tag:{id:'cpp:trifolium'}},{tag:{id:'cpp:cattail'}}]}"
										}
									}
								}
							],
							"type": "minecraft:loot_table",
							"name": "cpp:github_logo"
						},
						{
							"conditions": [
								{
									"condition": "minecraft:location_check",
									"predicate": {
										"block": {
											"nbt": "{Items:[{id:'minecraft:painting'},{tag:{id:'cpp:blackthorn'}},{tag:{id:'cpp:trifolium'}},{tag:{id:'cpp:isorchid'}}]}"
										}
									}
								}
							],
							"type": "minecraft:loot_table",
							"name": "cpp:mcmod_logo"
						},
						{
							"conditions": [
								{
									"condition": "minecraft:location_check",
									"predicate": {
										"block": {
											"nbt": "{Items:[{id:'minecraft:painting'},{tag:{id:'cpp:blackthorn'}},{tag:{id:'cpp:trifolium'}},{tag:{id:'cpp:bauhinia'}}]}"
										}
									}
								}
							],
							"type": "minecraft:loot_table",
							"name": "cpp:tcp_logo"
						},
						{
							"conditions": [
								{
									"condition": "minecraft:location_check",
									"predicate": {
										"block": {
											"nbt": "{Items:[{id:'minecraft:painting'},{tag:{id:'cpp:blackthorn'}},{tag:{id:'cpp:trifolium'}},{tag:{id:'cpp:hyacinth'}}]}"
										}
									}
								}
							],
							"type": "minecraft:loot_table",
							"name": "cpp:cbl_logo"
						},
						{
							"conditions": [
								{
									"condition": "minecraft:location_check",
									"predicate": {
										"block": {
											"nbt": "{Items:[{id:'minecraft:painting'},{tag:{id:'cpp:blackthorn'}},{tag:{id:'cpp:trifolium'}},{tag:{id:'cpp:lycoris_radiata'}}]}"
										}
									}
								}
							],
							"type": "minecraft:loot_table",
							"name": "cpp:nf_logo"
						},
						{
							"_comment": "番茄酱",
							"conditions": [
								{
									"condition": "minecraft:location_check",
									"predicate": {
										"block": {
											"nbt": "{Items:[{tag:{dict:['salt']}},{id:'minecraft:sugar'},{tag:{id:'cpp:tomato'}},{id:'minecraft:sweet_berries'}]}"
										}
									}
								}
							],
							"type": "minecraft:loot_table",
							"name": "cpp:ketchup",
							"functions": [
								{
									"function": "minecraft:set_count",
									"count": 3
								}
							]
						},
						{
							"_comment": "草莓果酱",
							"conditions": [
								{
									"condition": "minecraft:location_check",
									"predicate": {
										"block": {
											"nbt": "{Items:[{tag:{dict:['salt']}},{id:'minecraft:sugar'},{tag:{id:'cpp:strawberry'}},{id:'minecraft:sweet_berries'}]}"
										}
									}
								}
							],
							"type": "minecraft:loot_table",
							"name": "cpp:strawberry_jam",
							"functions": [
								{
									"function": "minecraft:set_count",
									"count": 3
								}
							]
						},
						{
							"_comment": "蓝莓果酱",
							"conditions": [
								{
									"condition": "minecraft:location_check",
									"predicate": {
										"block": {
											"nbt": "{Items:[{tag:{dict:['salt']}},{id:'minecraft:sugar'},{tag:{id:'cpp:blueberry'}},{id:'minecraft:sweet_berries'}]}"
										}
									}
								}
							],
							"type": "minecraft:loot_table",
							"name": "cpp:blueberry_jam",
							"functions": [
								{
									"function": "minecraft:set_count",
									"count": 3
								}
							]
						},
						{
							"_comment": "香橙果酱",
							"conditions": [
								{
									"condition": "minecraft:location_check",
									"predicate": {
										"block": {
											"nbt": "{Items:[{tag:{dict:['salt']}},{id:'minecraft:sugar'},{tag:{id:'cpp:orange'}},{id:'minecraft:sweet_berries'}]}"
										}
									}
								}
							],
							"type": "minecraft:loot_table",
							"name": "cpp:orange_jam",
							"functions": [
								{
									"function": "minecraft:set_count",
									"count": 3
								}
							]
						},
						{
							"_comment": "樱桃果酱",
							"conditions": [
								{
									"condition": "minecraft:location_check",
									"predicate": {
										"block": {
											"nbt": "{Items:[{tag:{dict:['salt']}},{id:'minecraft:sugar'},{tag:{id:'cpp:cherry'}},{id:'minecraft:sweet_berries'}]}"
										}
									}
								}
							],
							"type": "minecraft:loot_table",
							"name": "cpp:cherry_jam",
							"functions": [
								{
									"function": "minecraft:set_count",
									"count": 3
								}
							]
						},
						{
							"_comment": "苹果酱",
							"conditions": [
								{
									"condition": "minecraft:location_check",
									"predicate": {
										"block": {
											"nbt": "{Items:[{tag:{dict:['salt']}},{id:'minecraft:sugar'},{id:'minecraft:apple'},{id:'minecraft:sweet_berries'}]}"
										}
									}
								}
							],
							"type": "minecraft:loot_table",
							"name": "cpp:apple_jam",
							"functions": [
								{
									"function": "minecraft:set_count",
									"count": 3
								}
							]
						},
						{
							"_comment": "焦糖布丁",
							"conditions": [
								{
									"condition": "minecraft:location_check",
									"predicate": {
										"block": {
											"nbt": "{Items:[{id:'minecraft:milk_bucket'},{id:'minecraft:sugar'},{id:'minecraft:egg'},{id:'minecraft:honey_bottle'}]}"
										}
									}
								}
							],
							"type": "minecraft:loot_table",
							"name": "cpp:caramel_pudding"
						}
					]
				}
			]
		}
	]
}