{"pools": [{
	"rolls": {"min": 1, "max": 9},
	"entries": [
		{"type": "item", "name": "minecraft:poisonous_potato",	"weight": 1,
			"functions": [{"function": "set_nbt","tag": "{display:{LocName:\"cpp.drop.soul_of_undead\"},ench:[{id:999s}]}"}]},
		{"type": "item", "name": "minecraft:blaze_powder",		"weight": 1,
			"functions": [{"function": "set_nbt","tag": "{display:{LocName:\"cpp.drop.ash_of_fire\"},ench:[{id:999s}]}"}]},
		{"type": "item", "name": "minecraft:rabbit_foot",		"weight": 1,
			"functions": [{"function": "set_nbt","tag": "{display:{LocName:\"cpp.drop.arm_of_mob\"},ench:[{id:999s}]}"}]},
		{"type": "item", "name": "minecraft:enchanted_golden_apple", 		"weight": 3},
		{"type": "item", "name": "minecraft:iron_ingot", 		"weight": 7,
			"functions": [{"function": "set_nbt","tag": "{display:{LocName:\"cpp.item.enchanted_iron\"},ench:[{id:999s}]}"}]},
		{"type": "item", "name": "minecraft:gold_ingot", 		"weight": 7,
			"functions": [{"function": "set_nbt","tag": "{display:{LocName:\"cpp.item.enchanted_gold\"},ench:[{id:999s}]}"}]},
		{"type": "item", "name": "minecraft:bread", 			"weight": 10,
			"functions": [{"function": "set_nbt","tag": "{display:{LocName:\"cpp.item.meat_floss_bread\"},ench:[{id:999s}]}"},
				{"function": "set_count","count": {"min": 1,"max": 5}}]},
		{"type": "item", "name": "minecraft:apple", 			"weight": 10,
			"functions": [{"function": "set_nbt","tag": "{display:{LocName:\"cpp.item.toffee_apple\"},ench:[{id:999s}]}"},
				{"function": "set_count","count": {"min": 1,"max": 5}}]},
		{"type": "item", "name": "minecraft:coal", 				"weight": 12,
			"functions": [{"function": "set_count","count": {"min": 1,"max": 5}}]},
		{"type": "item", "name": "minecraft:bone", 				"weight": 12,
			"functions": [{"function": "set_count","count": {"min": 1,"max": 9}}]},
		{"type": "item", "name": "minecraft:gunpowder",			"weight": 12,
			"functions": [{"function": "set_count","count": {"min": 1,"max": 9}}]},
		{"type": "item", "name": "minecraft:rotten_flesh", 		"weight": 12,
			"functions": [{"function": "set_count","count": {"min": 1,"max": 9}}]},
		{"type": "item", "name": "minecraft:string", 			"weight": 12,
			"functions": [{"function": "set_count","count": {"min": 1,"max": 9}}]}
]}]}