{
	"pools": [
		{
			"rolls": 1,
			"entries": [
				{
					"type": "item",
					"name": "minecraft:ghast_tear",
					"weight": 1,
					"functions": [
						{
							"function": "set_count",
							"count": {
								"min": 0,
								"max": 1
							}
						},
						{
							"function": "looting_enchant",
							"count": {
								"min": 0,
								"max": 1
							}
						}
					]
				}
			]
		},
		{
			"rolls": 1,
			"entries": [
				{
					"type": "item",
					"name": "minecraft:gunpowder",
					"weight": 1,
					"functions": [
						{
							"function": "set_count",
							"count": {
								"min": 0,
								"max": 2
							}
						},
						{
							"function": "looting_enchant",
							"count": {
								"min": 0,
								"max": 1
							}
						}
					]
				}
			]
		},
		{
			"conditions": [
				{
					"condition": "killed_by_player"
				},
				{
					"condition": "random_chance_with_looting",
					"chance": 0.025,
					"looting_multiplier": 0.01
				}
			],
			"rolls": 1,
			"entries": [
				{
					"type": "item",
					"name": "minecraft:wooden_sword",
					"weight": 1,
					"functions": [
						{
							"function": "set_nbt",
							"tag": "{Damage:6,Unbreakable:1b,HideFlags:63,isRareDrops:1b,id:\"cpp:nova_of_fire\",display:{Name:\"{\\\"translate\\\":\\\"item.cpp.nova_of_fire\\\"}\"}}"
						}
					]
				},
				{
					"type": "item",
					"name": "minecraft:wooden_sword",
					"weight": 1,
					"functions": [
						{
							"function": "set_nbt",
							"tag": "{Damage:1,Unbreakable:1b,HideFlags:63,isRareDrops:1b,id:\"cpp:wing_of_sky\",display:{Name:\"{\\\"translate\\\":\\\"item.cpp.wing_of_sky\\\"}\"}}"
						}
					]
				}
			]
		},
		{
			"conditions": [
				{
					"condition": "killed_by_player"
				},
				{
					"condition": "random_chance_with_looting",
					"chance": 0.025,
					"looting_multiplier": 0.01
				}
			],
			"rolls": 1,
			"entries": [
				{
					"type": "item",
					"name": "minecraft:player_head",
					"weight": 1,
					"functions": [
						{
							"function": "set_nbt",
							"tag": "{display:{Name:\"{\\\"translate\\\":\\\"item.cpp.ghast_head\\\"}\"},SkullOwner:{Id:\"807f287f-6499-4e93-a887-0a298ab3091f\",Properties:{textures:[{Value:\"eyJ0ZXh0dXJlcyI6eyJTS0lOIjp7InVybCI6Imh0dHA6Ly90ZXh0dXJlcy5taW5lY3JhZnQubmV0L3RleHR1cmUvOGI2YTcyMTM4ZDY5ZmJiZDJmZWEzZmEyNTFjYWJkODcxNTJlNGYxYzk3ZTVmOTg2YmY2ODU1NzFkYjNjYzAifX19\"}]}}}"
						}
					]
				}
			]
		}
	]
}