{
	"pools": [
		{
			"rolls": 1,
			"entries": [
				{
					"type": "item",
					"name": "minecraft:wheat_seeds",
					"weight": 122,
					"functions": [
						{
							"function": "set_nbt",
							"tag": "{Tags:[\"cpp_dead\"]}"
						}
					]
				},
				{
					"type": "item",
					"name": "minecraft:wheat_seeds",
					"weight": 25,
					"functions": [
						{
							"function": "set_nbt",
							"tag": "{Tags:[\"cpp_dead\",\"cpp_wool_tree\"]}"
						}
					]
				},
				{
					"type": "item",
					"name": "minecraft:wheat_seeds",
					"weight": 1,
					"functions": [
						{
							"function": "set_nbt",
							"tag": "{Tags:[\"cpp_dead\",\"cpp_creeper_dungeon\"]}"
						}
					]
				},
				{
					"type": "item",
					"name": "minecraft:wheat_seeds",
					"weight": 1,
					"functions": [
						{
							"function": "set_nbt",
							"tag": "{Tags:[\"cpp_dead\",\"cpp_enchanting_room\"]}"
						}
					]
				},
				{
					"type": "item",
					"name": "minecraft:wheat_seeds",
					"weight": 1,
					"functions": [
						{
							"function": "set_nbt",
							"tag": "{Tags:[\"cpp_dead\",\"cpp_totem_pillar\"]}"
						}
					]
				},
				{
					"type": "item",
					"name": "minecraft:wheat_seeds",
					"weight": 10,
					"functions": [
						{
							"function": "set_nbt",
							"tag": "{Tags:[\"cpp_dead\",\"cpp_dead_tube_coral_fan\"]}"
						}
					]
				},
				{
					"type": "item",
					"name": "minecraft:wheat_seeds",
					"weight": 10,
					"functions": [
						{
							"function": "set_nbt",
							"tag": "{Tags:[\"cpp_dead\",\"cpp_dead_brain_coral_fan\"]}"
						}
					]
				},
				{
					"type": "item",
					"name": "minecraft:wheat_seeds",
					"weight": 10,
					"functions": [
						{
							"function": "set_nbt",
							"tag": "{Tags:[\"cpp_dead\",\"cpp_dead_bubble_coral_fan\"]}"
						}
					]
				},
				{
					"type": "item",
					"name": "minecraft:wheat_seeds",
					"weight": 10,
					"functions": [
						{
							"function": "set_nbt",
							"tag": "{Tags:[\"cpp_dead\",\"cpp_dead_fire_coral_fan\"]}"
						}
					]
				},
				{
					"type": "item",
					"name": "minecraft:wheat_seeds",
					"weight": 10,
					"functions": [
						{
							"function": "set_nbt",
							"tag": "{Tags:[\"cpp_dead\",\"cpp_dead_horn_coral_fan\"]}"
						}
					]
				}
			]
		}
	]
}
