{
    "pools": [
        {
            "rolls": 1,
            "entries": [
                {
                    "type": "item",
                    "name": "minecraft:leather",
                    "functions": [
                        {
                            "function": "set_count",
                            "count": {
                                "min": 0,
                                "max": 2
                            }
                        },
                        {
                            "function": "looting_enchant",
                            "count": {
                                "min": 0,
                                "max": 1
                            }
                        }
                    ]
                }
            ]
        },
        {
            "conditions": [
				{
					"condition": "entity_properties",
					"entity": "this",
					"properties": {
						"on_fire": false
					}
				}
			],
            "rolls": 1,
            "entries": [
                {
                    "type": "item",
                    "name": "minecraft:mutton",
                    "weight": 1,
                    "functions": [
                        {
                            "function": "set_count",
                            "count": {
                                "min": 1,
                                "max": 3
                            }
                        },
                        {
                            "function": "set_nbt",
                            "tag": "{id:\"cpp:llama\",display:{Name:\"{\\\"translate\\\":\\\"item.cpp.llama\\\"}\"}}"
                        },
                        {
                            "function": "looting_enchant",
                            "count": {
                                "min": 0,
                                "max": 1
                            }
                        }
                    ]
                }
            ]
        },
        {
            "conditions": [
				{
					"condition": "entity_properties",
					"entity": "this",
					"properties": {
						"on_fire": true
					}
				}
			],
            "rolls": 1,
            "entries": [
                {
                    "type": "item",
                    "name": "minecraft:cooked_mutton",
                    "weight": 1,
                    "functions": [
                        {
                            "function": "set_count",
                            "count": {
                                "min": 1,
                                "max": 3
                            }
                        },
                        {
                            "function": "set_nbt",
                            "tag": "{id:\"cpp:cooked_llama\",display:{Name:\"{\\\"translate\\\":\\\"item.cpp.cooked_llama\\\"}\"}}"
                        },
                        {
                            "function": "looting_enchant",
                            "count": {
                                "min": 0,
                                "max": 1
                            }
                        }
                    ]
                }
			]
		},
        {
            "conditions": [
                {
                    "condition": "killed_by_player"
                },
                {
                    "condition": "random_chance_with_looting",
                    "chance": 0.025,
                    "looting_multiplier": 0.01
                }
            ],
            "rolls": 1,
            "entries": [
				{
                    "type": "item",
                    "name": "minecraft:player_head",
                    "weight": 1,
                    "functions": [
						{
							"function": "set_nbt",
							"tag": "{display:{Name:\"{\\\"translate\\\":\\\"item.cpp.llama_head\\\"}\"},SkullOwner:{Id:\"75fb08e5-2419-46fa-bf09-57362138f234\",Properties:{textures:[{Value:\"eyJ0ZXh0dXJlcyI6eyJTS0lOIjp7InVybCI6Imh0dHA6Ly90ZXh0dXJlcy5taW5lY3JhZnQubmV0L3RleHR1cmUvYzJiMWVjZmY3N2ZmZTNiNTAzYzMwYTU0OGViMjNhMWEwOGZhMjZmZDY3Y2RmZjM4OTg1NWQ3NDkyMTM2OCJ9fX0=\"}]}}}"
						}
                    ]
                }
            ]
        }
    ]
}