{
	"pools": [
		{
			"conditions": [
				{
					"condition": "random_chance_with_looting",
					"chance": 0.5,
					"looting_multiplier": 0.0625
				}
			],
			"rolls": 1,
			"entries": [
				{
					"type": "item",
					"name": "minecraft:shulker_shell"
				}
			]
		},
		{
			"conditions": [
				{
					"condition": "killed_by_player"
				},
				{
					"condition": "random_chance_with_looting",
					"chance": 0.025,
					"looting_multiplier": 0.01
				}
			],
			"rolls": 1,
			"entries": [
				{
					"type": "item",
					"name": "minecraft:rabbit_foot",
					"weight": 1,
					"functions": [
						{
							"function": "set_nbt",
							"tag": "{isDrop:1b,id:\"cpp:arm_of_mob\",display:{Name:\"{\\\"translate\\\":\\\"item.cpp.arm_of_mob\\\"}\"},ench:[{id:999s}]}"
						}
					]
				},
				{
					"type": "item",
					"name": "minecraft:ender_pearl",
					"weight": 1,
					"functions": [
						{
							"function": "set_nbt",
							"tag": "{isDrop:1b,id:\"cpp:spirit_of_ender\",display:{Name:\"{\\\"translate\\\":\\\"item.cpp.spirit_of_ender\\\"}\"},ench:[{id:999s}]}"
						}
					]
				}
			]
		},			
        {
            "conditions": [
                {
                    "condition": "killed_by_player"
                },
                {
                    "condition": "random_chance_with_looting",
                    "chance": 0.025,
                    "looting_multiplier": 0.01
                }
            ],
            "rolls": 1,
            "entries": [
				{
					"type": "item",
					"name": "minecraft:player_head",
					"weight": 1,
					"functions": [
						{
							"function": "set_nbt",
							"tag": "{display:{Name:\"{\\\"translate\\\":\\\"item.cpp.shulker_head\\\"}\"},SkullOwner:{Id:\"39e332e8-db1e-4cd1-a8a4-332ef105acb3\",Properties:{textures:[{Value:\"eyJ0ZXh0dXJlcyI6eyJTS0lOIjp7InVybCI6Imh0dHA6Ly90ZXh0dXJlcy5taW5lY3JhZnQubmV0L3RleHR1cmUvYTZjMzhjOTllMWRkNDJkNDEzYTFjYzY5MmE1YTJjOTZiYzQ3MzkzNDI1NDFmNGVkZmU0ZDMxZTk2YjNlY2Q4In19fQ==\"}]}}}"
						}
					]
				}
			]
		}
	]
}