{
  "pools": [
    {
        "rolls": 1,
        "entries": [
            {
                "type": "item",
                "name": "minecraft:emerald",
                "weight": 1,
                "functions": [
                    {
                        "function": "set_count",
                        "count": {
                            "min": 0,
                            "max": 1
                        }
                    },
                    {
                        "function": "looting_enchant",
                        "count": {
                            "min": 0,
                            "max": 1
                        }
                    }
                ]
            }
        ],
        "conditions": [
            {
                "condition": "killed_by_player"
            }
        ]
    },
        {
            "conditions": [
                {
                    "condition": "killed_by_player"
                },
                {
                    "condition": "random_chance_with_looting",
                    "chance": 0.025,
                    "looting_multiplier": 0.01
                }
            ],
            "rolls": 1,
            "entries": [
                {
                    "type": "item",
                    "name": "minecraft:emerald",
                    "weight": 1,
                    "functions": [
						{
							"function": "set_nbt",
							"tag": "{isDrop:1b,id:\"cpp:proof_of_citizen\",display:{Name:\"{\\\"translate\\\":\\\"item.cpp.proof_of_citizen\\\"}\"},ench:[{id:999s}]}"
						}
                    ]
                }
			]
		},			
        {
            "conditions": [
                {
                    "condition": "killed_by_player"
                },
                {
                    "condition": "random_chance_with_looting",
                    "chance": 0.025,
                    "looting_multiplier": 0.01
                }
            ],
            "rolls": 1,
            "entries": [
                {
                    "type": "item",
                    "name": "minecraft:player_head",
                    "weight": 1,
                    "functions": [
						{
							"function": "set_nbt",
							"tag": "{display:{Name:\"{\\\"translate\\\":\\\"item.cpp.vindication_illager_head\\\"}\"},SkullOwner:{Id:\"3eca1bb8-97a9-43e0-816c-95a5fd2a8f4e\",Properties:{textures:[{Value:\"eyJ0ZXh0dXJlcyI6eyJTS0lOIjp7InVybCI6Imh0dHA6Ly90ZXh0dXJlcy5taW5lY3JhZnQubmV0L3RleHR1cmUvNGY2ZmI4OWQxYzYzMWJkN2U3OWZlMTg1YmExYTY3MDU0MjVmNWMzMWE1ZmY2MjY1MjFlMzk1ZDRhNmY3ZTIifX19\"}]}}}"
						}
                    ]
                }
            ]
        }
    ]
}