{
	"pools": [
		{
			"conditions": [
				{
					"condition": "entity_properties",
					"entity": "this",
					"properties": {
						"on_fire": false
					}
				}
			],
			"rolls": 1,
			"entries": [
				{
					"type": "item",
					"name": "minecraft:feather",
					"weight": 1,
					"functions": [
						{
							"function": "set_count",
							"count": {
								"min": 0,
								"max": 2
							}
						},
						{
							"function": "looting_enchant",
							"count": {
								"min": 0,
								"max": 1
							}
						}
					]
				}
			]
		},
		{
			"conditions": [
				{
					"condition": "entity_properties",
					"entity": "this",
					"properties": {
						"on_fire": false
					}
				}
			],
			"rolls": 1,
			"entries": [
				{
					"type": "item",
					"name": "minecraft:chicken",
					"weight": 1,
					"functions": [
						{
							"function": "set_nbt",
							"tag": "{id:\"cpp:parrot\",display:{Name:\"{\\\"translate\\\":\\\"item.cpp.parrot\\\"}\"}}"
						},
						{
							"function": "looting_enchant",
							"count": {
								"min": 0,
								"max": 1
							}
						}
					]
				}
			]
		},
		{
			"conditions": [
				{
					"condition": "entity_properties",
					"entity": "this",
					"properties": {
						"on_fire": true
					}
				}
			],
			"rolls": 1,
			"entries": [
				{
					"type": "item",
					"name": "minecraft:cooked_chicken",
					"weight": 1,
					"functions": [
						{
							"function": "set_nbt",
							"tag": "{id:\"cpp:cooked_parrot\",display:{Name:\"{\\\"translate\\\":\\\"item.cpp.cooked_parrot\\\"}\"}}"
						},
						{
							"function": "looting_enchant",
							"count": {
								"min": 0,
								"max": 1
							}
						}
					]
				}
			]
		},
		{
			"conditions": [
				{
					"condition": "killed_by_player"
				},
				{
					"condition": "random_chance_with_looting",
					"chance": 0.025,
					"looting_multiplier": 0.01
				}
			],
			"rolls": 1,
			"entries": [
				{
					"type": "item",
					"name": "minecraft:wooden_sword",
					"weight": 1,
					"functions": [
						{
							"function": "set_nbt",
							"tag": "{Damage:1,Unbreakable:1b,HideFlags:63,isRareDrops:1b,id:\"cpp:wing_of_sky\",display:{Name:\"{\\\"translate\\\":\\\"item.cpp.wing_of_sky\\\"}\"}}"
						}
					]
				}
			]
		},
		{
			"conditions": [
				{
					"condition": "entity_properties",
					"entity": "this",
					"properties": {
						"on_fire": false
					}
				},
				{
					"condition": "killed_by_player"
				},
				{
					"condition": "random_chance_with_looting",
					"chance": 0.025,
					"looting_multiplier": 0.01
				}
			],
			"rolls": 1,
			"entries": [
				{
					"type": "item",
					"name": "minecraft:player_head",
					"weight": 1,
					"functions": [
						{
							"function": "set_nbt",
							"tag": "{display:{Name:\"{\\\"translate\\\":\\\"item.cpp.parrot_head\\\"}\"},SkullOwner:{Id:\"c3f25f72-a644-49fc-acf4-805a7c655bba\",Properties:{textures:[{Value:\"eyJ0ZXh0dXJlcyI6eyJTS0lOIjp7InVybCI6Imh0dHA6Ly90ZXh0dXJlcy5taW5lY3JhZnQubmV0L3RleHR1cmUvZWVlYmUyNmYxOGZhNTk2MGFiYmRkNjU5NTdkYTUzNjViNmY2ZjQ0ZGI2YTk5NDRmM2YxNDY2ZGU2OWEyIn19fQ==\"}]}}}"
						}
					]
				},
				{
					"type": "item",
					"name": "minecraft:player_head",
					"weight": 1,
					"functions": [
						{
							"function": "set_nbt",
							"tag": "{display:{Name:\"{\\\"translate\\\":\\\"item.cpp.parrot_head\\\"}\"},SkullOwner:{Id:\"2326acb5-9f48-407b-a8e4-f29acc6d7ec4\",Properties:{textures:[{Value:\"eyJ0ZXh0dXJlcyI6eyJTS0lOIjp7InVybCI6Imh0dHA6Ly90ZXh0dXJlcy5taW5lY3JhZnQubmV0L3RleHR1cmUvOWJjNmQ4NDE2OGVjZmMzZTE4ZmI4MGYxMzRhMmIxYTczMjRlYTYxMWJkNmQyODY3MDYxZjlhMzg5NDEzMCJ9fX0=\"}]}}}"
						}
					]
				},
				{
					"type": "item",
					"name": "minecraft:player_head",
					"weight": 1,
					"functions": [
						{
							"function": "set_nbt",
							"tag": "{display:{Name:\"{\\\"translate\\\":\\\"item.cpp.parrot_head\\\"}\"},SkullOwner:{Id:\"b836bfd9-826d-4dc8-9407-a18cc9f886b6\",Properties:{textures:[{Value:\"eyJ0ZXh0dXJlcyI6eyJTS0lOIjp7InVybCI6Imh0dHA6Ly90ZXh0dXJlcy5taW5lY3JhZnQubmV0L3RleHR1cmUvNzA3ZGFiMmNiZWJlYTUzOWI2NGQ1YWQyNDZmOWNjYzFmY2RhN2FhOTRiODhlNTlmYzI4Mjk4NTJmNDYwNzEifX19\"}]}}}"
						}
					]
				}
			]
		}
	]
}