{
  "pools": [
    {
		"rolls": 1,
		"entries": [
			{
				"type": "item",
				"name": "minecraft:totem_of_undying",
				"functions": [
					{
						"function": "set_nbt",
						"tag": "{display:{Name:\"§r§6不死图腾\"}}"
					}
				]
			}
		]
	},
    {
        "rolls": 1,
        "entries": [
            {
                "type": "item",
                "name": "minecraft:emerald",
                "weight": 1,
                "functions": [
                    {
                        "function": "set_count",
                        "count": {
                            "min": 0,
                            "max": 1
                        }
                    },
                    {
                        "function": "looting_enchant",
                        "count": {
                            "min": 0,
                            "max": 1
                        }
                    }
                ]
            }
        ],
        "conditions": [
            {
                "condition": "killed_by_player"
            }
        ]
    }
  ]
}
