{
	"pools": [
		{
			"rolls": 1,
			"entries": [
				{
					"type": "item",
					"name": "minecraft:flint",
					"weight": 24
				},
				{
					"type": "item",
					"name": "minecraft:coal",
					"weight": 24
				},
				{
					"type": "item",
					"name": "minecraft:iron_nugget",
					"weight": 24
				},
				{
					"type": "item",
					"name": "minecraft:gold_nugget",
					"weight": 16
				},
				{
					"type": "item",
					"name": "minecraft:quartz",
					"weight": 5
				},
				{
					"type": "item",
					"name": "minecraft:lapis_lazuli",
					"weight": 5
				},
				{
					"type": "item",
					"name": "minecraft:emerald"
				},
				{
					"type": "item",
					"name": "minecraft:diamond"
				}
			]
		}
	]
}