{
	"display": {
		"icon": {
			"item": "minecraft:wooden_sword",
			"nbt":"{Damage:8}"
		},
		"title":{
			"translate": "advancements.cpp.dark_animal.title"
		},
		"description": {
			"translate": "advancements.cpp.dark_animal.description"
		}
	},
	"parent": "cpp:root",
	"criteria": {
		"sheep": {
			"trigger": "minecraft:player_killed_entity",
			"conditions": {
				"entity": {
					"type": "sheep",
					"nbt":"{Tags:[\"cpp_entities_checker\",\"cpp_dark_animal\"]}"
				}
			}
		},
		"cow": {
			"trigger": "minecraft:player_killed_entity",
			"conditions": {
				"entity": {
					"type": "cow",
					"nbt":"{Tags:[\"cpp_entities_checker\",\"cpp_dark_animal\"]}"
				}
			}
		},
		"mooshroom": {
			"trigger": "minecraft:player_killed_entity",
			"conditions": {
				"entity": {
					"type": "mooshroom",
					"nbt":"{Tags:[\"cpp_entities_checker\",\"cpp_dark_animal\"]}"
				}
			}
		},
		"rabbit": {
			"trigger": "minecraft:player_killed_entity",
			"conditions": {
				"entity": {
					"type": "rabbit",
					"nbt":"{Tags:[\"cpp_entities_checker\",\"cpp_dark_animal\"]}"
				}
			}
		},
		"chicken": {
			"trigger": "minecraft:player_killed_entity",
			"conditions": {
				"entity": {
					"type": "chicken",
					"nbt":"{Tags:[\"cpp_entities_checker\",\"cpp_dark_animal\"]}"
				}
			}
		},
		"pig": {
			"trigger": "minecraft:player_killed_entity",
			"conditions": {
				"entity": {
					"type": "pig",
					"nbt":"{Tags:[\"cpp_entities_checker\",\"cpp_dark_animal\"]}"
				}
			}
		}
	},
	"requirements": [
		[
			"sheep",
			"cow",
			"mooshroom",
			"rabbit",
			"chicken",
			"pig"
		]
	]
}
