{
	"pools": [
		{
			"rolls": 1,
			"entries": [
				{
					"type": "minecraft:alternatives",
					"children": [
						{
							"conditions": [
								{
									"condition": "minecraft:location_check",
									"predicate": {
										"block": {
											"nbt": "{Items:[{tag:{id:'cpp:acid'}},{id:'minecraft:nether_wart'}]}"
										}
									}
								}
							],
							"type": "minecraft:loot_table",
							"name": "cpp:bionic_acid"
						},
						{
							"conditions": [
								{
									"condition": "minecraft:location_check",
									"predicate": {
										"block": {
											"nbt": "{Items:[{tag:{id:'cpp:soda_water'}},{id:'minecraft:nether_wart'}]}"
										}
									}
								}
							],
							"type": "minecraft:loot_table",
							"name": "cpp:alkaloid"
						},
						{
							"conditions": [
								{
									"condition": "minecraft:location_check",
									"predicate": {
										"block": {
											"nbt": "{Items:[{tag:{dict:['quartz_dust']}},{id:'minecraft:flint'}]}"
										}
									}
								}
							],
							"type": "minecraft:loot_table",
							"name": "cpp:coarse_silicon"
						},
						{
							"conditions": [
								{
									"condition": "minecraft:location_check",
									"predicate": {
										"block": {
											"nbt": "{Items:[{id:'minecraft:glass_bottle'},{id:'minecraft:piston'}]}"
										}
									}
								}
							],
							"type": "minecraft:loot_table",
							"name": "cpp:bottle_of_air"
						},
						{
							"conditions": [
								{
									"condition": "minecraft:location_check",
									"predicate": {
										"block": {
											"nbt": "{Items:[{tag:{id:'cpp:coarse_silicon'}},{tag:{id:'cpp:bottle_of_air'}}]}"
										}
									}
								}
							],
							"type": "minecraft:loot_table",
							"name": "cpp:silicon_dust"
						},
						{
							"conditions": [
								{
									"condition": "minecraft:location_check",
									"predicate": {
										"block": {
											"nbt": "{Items:[{id:'minecraft:clay_ball'},{tag:{dict:['salt']}}]}"
										}
									}
								}
							],
							"type": "minecraft:loot_table",
							"name": "cpp:rare_earth_salt"
						},
						{
							"conditions": [
								{
									"condition": "minecraft:location_check",
									"predicate": {
										"block": {
											"nbt": "{Items:[{tag:{id:'cpp:rare_earth_salt'}},{tag:{id:'cpp:alkaloid'}}]}"
										}
									}
								}
							],
							"type": "minecraft:loot_table",
							"name": "cpp:alkaloid_rare_earth"
						},
						{
							"conditions": [
								{
									"condition": "minecraft:location_check",
									"predicate": {
										"block": {
											"nbt": "{Items:[{tag:{id:'cpp:alkaloid_rare_earth'}},{tag:{id:'cpp:bionic_acid'}}]}"
										}
									}
								}
							],
							"type": "minecraft:loot_table",
							"name": "cpp:rare_earth_dust"
						},
						{
							"conditions": [
								{
									"condition": "minecraft:location_check",
									"predicate": {
										"block": {
											"nbt": "{Items:[{tag:{id:'cpp:alkaloid'}},{tag:{id:'cpp:fertilizer'}}]}"
										}
									}
								}
							],
							"type": "minecraft:loot_table",
							"name": "cpp:all_in_one_machine/items/ammonia_refrigerant_and_cinder"
						},
						{
							"conditions": [
								{
									"condition": "minecraft:location_check",
									"predicate": {
										"block": {
											"nbt": "{Items:[{id:'minecraft:slime_ball'},{id:'minecraft:dirt'}]}"
										}
									}
								}
							],
							"type": "minecraft:item",
							"name": "minecraft:clay"
						}
					]
				}
			]
		}
	]
}