{
	"pools": [
		{
			"rolls": 1,
			"entries": [
				{
					"type": "minecraft:alternatives",
					"children": [
						{
							"conditions": [
								{
									"condition": "minecraft:location_check",
									"predicate": {
										"block": {
											"nbt": "{Items:[{id:'minecraft:nether_wart'},{id:'minecraft:sand'}]}"
										}
									}
								}
							],
							"type": "minecraft:item",
							"name": "minecraft:red_sand"
						},
						{
							"conditions": [
								{
									"condition": "minecraft:location_check",
									"predicate": {
										"block": {
											"nbt": "{Items:[{id:'minecraft:soul_sand'},{id:'minecraft:dirt'}]}"
										}
									}
								}
							],
							"type": "minecraft:item",
							"name": "minecraft:soul_soil",
							"functions": [
								{
									"function": "minecraft:set_count",
									"count": 2
								}
							]
						}
					]
				}
			]
		}
	]
}