{
	"pools": [
		{
			"rolls": 1,
			"entries": [
				{
					"type": "item",
					"name": "minecraft:player_head",
					"weight": 1,
					"functions": [
						{
							"function": "set_count",
							"count": {
								"min": 2,
								"max": 4
							}
						},
						{
							"function": "set_nbt",
							"tag": "{display:{Name:\"{\\\"translate\\\":\\\"cpp.item.blue_berry\\\"}\"},SkullOwner:{Id:\"86b22885-d9ff-4278-af70-1a8633d54ab9\",Properties:{textures:[{Value:\"eyJ0ZXh0dXJlcyI6eyJTS0lOIjp7InVybCI6Imh0dHA6Ly90ZXh0dXJlcy5taW5lY3JhZnQubmV0L3RleHR1cmUvNGNkZjg2Y2M0NjlhYjQ5MTU1ZTY3NWJiMzA0NDRjYjI2N2RjNDNkZmIzNTRkMTVkMWMwYzY2NWJlNTg1MjcifX19\"}]}}}"
						}
					]
				}
			]
		}
	]
}