{
	"pools": [
		{
			"rolls": 1,
			"entries": [
				{
					"type": "item",
					"name": "minecraft:player_head",
					"weight": 1,
					"functions": [
						{
							"function": "set_count",
							"count": {
								"min": 2,
								"max": 4
							}
						},
						{
							"function": "set_nbt",
							"tag": "{display:{Name:\"{\\\"translate\\\":\\\"cpp.item.pink_berry\\\"}\"},SkullOwner:{Id:\"8e8ed9ac-63a0-4591-b7d9-34dfb7996b7b\",Properties:{textures:[{Value:\"eyJ0ZXh0dXJlcyI6eyJTS0lOIjp7InVybCI6Imh0dHA6Ly90ZXh0dXJlcy5taW5lY3JhZnQubmV0L3RleHR1cmUvY2IxZTE1ZTk3NTRmNWM0ODdkNTI2MzM2MWJkYmE5OWQzNmZmZjM4NDVhNTRmMjQ2M2VmZmEyMDkwZmIxYiJ9fX0=\"}]}}}"
						}
					]
				}
			]
		}
	]
}