{
	"criteria": {
		"smooth_stone_slab": {
			"trigger": "minecraft:inventory_changed",
			"conditions": {
				"items": [
					{
						"item": "minecraft:smooth_stone_slab",
						"count": {
							"min": 2
						}
					}
				]
			}
		},
		"has_the_recipe": {
			"trigger": "minecraft:recipe_unlocked",
			"conditions": {
				"recipe": "cpp:slab_to_block/smooth_stone_slab"
			}
		}
	},
	"rewards":{
		"recipes": ["cpp:slab_to_block/smooth_stone_slab"]
	},
	"requirements": [
		[
			"smooth_stone_slab",
			"has_the_recipe"
		]
	]
}