{
	"type": "minecraft:block",
	"pools": [
		{
			"rolls": 1,
			"entries": [
				{
					"type": "minecraft:alternatives",
					"children": [
						{
							"conditions": [
								{
									"condition": "minecraft:block_state_property",
									"block": "minecraft:polished_andesite_slab",
									"properties": {
										"type": "double"
									}
								}
							],
							"type": "minecraft:item",
							"name": "minecraft:polished_andesite_slab",
							"functions": [
								{
									"conditions": [
										{
											"condition": "minecraft:match_tool",
											"predicate": {
												"enchantments": [
													{
														"enchantment": "minecraft:silk_touch",
														"levels": {
															"min": 1
														}
													}
												]
											}
										}
									],
									"function": "set_nbt",
									"tag": "{display:{Name:\"{\\\"translate\\\":\\\"block.minecraft.double_polished_andesite_slab\\\"}\"},BlockStateTag:{\"type\":\"double\"},CustomModelData:20190001}"
								},
								{
									"conditions": [
										{
											"condition": "minecraft:inverted",
											"term": {
												"condition": "minecraft:match_tool",
												"predicate": {
													"enchantments": [
														{
															"enchantment": "minecraft:silk_touch",
															"levels": {
																"min": 1
															}
														}
													]
												}
											}
										}
									],
									"function": "set_count",
									"count": 2
								}
							]
						},
						{
							"type": "minecraft:item",
							"name": "minecraft:polished_andesite_slab"
						}
					]
				}
			]
		}
	]
}