{
	"pools": [
		{
			"rolls": 1,
			"entries": [
				{
					"type": "item",
					"name": "minecraft:mutton",
					"weight": 1,
					"functions": [
						{
							"function": "set_count",
							"count": {
								"min": 1,
								"max": 2
							}
						},
						{
							"function": "furnace_smelt",
							"conditions": [
								{
									"condition": "entity_properties",
									"entity": "this",
									"properties": {
										"on_fire": true
									}
								}
							]
						},
						{
							"function": "looting_enchant",
							"count": {
								"min": 0,
								"max": 1
							}
						}
					]
				}
			]
		},
		{
			"conditions": [
				{
					"condition": "killed_by_player"
				},
				{
					"condition": "random_chance_with_looting",
					"chance": 0.025,
					"looting_multiplier": 0.01
				}
			],
			"rolls": 1,
			"entries": [
				{
					"type": "item",
					"name": "minecraft:wooden_sword",
					"weight": 1,
					"functions": [
						{
							"function": "set_nbt",
							"tag": "{Damage:3,Unbreakable:1b,HideFlags:63,isRareDrops:1b,id:\"cpp:limb_of_ridge\",display:{Name:\"{\\\"translate\\\":\\\"item.cpp.limb_of_ridge\\\"}\"}}"
						}
					]
				}
			]
		},
		{
			"conditions": [
				{
					"condition": "killed_by_player"
				},
				{
					"condition": "random_chance_with_looting",
					"chance": 0.025,
					"looting_multiplier": 0.01
				}
			],
			"rolls": 1,
			"entries": [
				{
					"type": "item",
					"name": "minecraft:player_head",
					"weight": 1,
					"functions": [
						{
							"function": "set_nbt",
							"tag": "{display:{Name:\"{\\\"translate\\\":\\\"item.cpp.sheep_head\\\"}\"},SkullOwner:{Id:\"fa234925-9dbe-4b8f-a544-7c70fb6b6ac5\",Properties:{textures:[{Value:\"eyJ0ZXh0dXJlcyI6eyJTS0lOIjp7InVybCI6Imh0dHA6Ly90ZXh0dXJlcy5taW5lY3JhZnQubmV0L3RleHR1cmUvZjMxZjljY2M2YjNlMzJlY2YxM2I4YTExYWMyOWNkMzNkMThjOTVmYzczZGI4YTY2YzVkNjU3Y2NiOGJlNzAifX19\"}]}}}"
						}
					]
				}
			]
		}
	]
}