{
	"pools": [
		{
			"rolls": {
				"min": 1,
				"max": 9
			},
			"entries": [
				{
					"type": "item",
					"name": "minecraft:wooden_sword",
					"weight": 1,
					"quality": 2,
					"functions": [
						{
							"function": "set_nbt",
							"tag": "{Damage:14,Unbreakable:1b,HideFlags:63,isRareDrops:1b,id:\"cpp:soul_of_dirt\",display:{Name:\"{\\\"translate\\\":\\\"item.cpp.soul_of_dirt\\\"}\"}}"
						}
					]
				},
				{
					"type": "item",
					"name": "minecraft:wooden_sword",
					"weight": 1,
					"quality": 2,
					"functions": [
						{
							"function": "set_nbt",
							"tag": "{Damage:16,Unbreakable:1b,HideFlags:63,isRareDrops:1b,id:\"cpp:nova_of_fire\",display:{Name:\"{\\\"translate\\\":\\\"item.cpp.nova_of_fire\\\"}\"}}"
						}
					]
				},
				{
					"type": "item",
					"name": "minecraft:wooden_sword",
					"weight": 1,
					"quality": 2,
					"functions": [
						{
							"function": "set_nbt",
							"tag": "{Damage:13,Unbreakable:1b,HideFlags:63,isRareDrops:1b,id:\"cpp:limb_of_ridge\",display:{Name:\"{\\\"translate\\\":\\\"item.cpp.limb_of_ridge\\\"}\"}}"
						}
					]
				},
				{
					"type": "item",
					"name": "minecraft:enchanted_golden_apple",
					"quality": 1,
					"weight": 3
				},
				{
					"type": "item",
					"name": "minecraft:iron_ingot",
					"weight": 7,
					"quality": 1,
					"functions": [
						{
							"function": "set_nbt",
							"tag": "{id:\"cpp:enchanted_iron\",display:{Name:\"{\\\"translate\\\":\\\"item.cpp.enchanted_iron\\\"}\"},HideFlags:63,Enchantments:[{}]}"
						}
					]
				},
				{
					"type": "item",
					"name": "minecraft:gold_ingot",
					"weight": 7,
					"quality": 1,
					"functions": [
						{
							"function": "set_nbt",
							"tag": "{id:\"cpp:enchanted_gold\",display:{Name:\"{\\\"translate\\\":\\\"item.cpp.enchanted_gold\\\"}\"},HideFlags:63,Enchantments:[{}]}"
						}
					]
				},
				{
					"type": "item",
					"name": "minecraft:bread",
					"weight": 10,
					"functions": [
						{
							"function": "set_nbt",
							"tag": "{id:\"cpp:meat_floss_bread\",display:{Name:\"{\\\"translate\\\":\\\"item.cpp.meat_floss_bread\\\"}\"},HideFlags:63,Enchantments:[{}]}"
						},
						{
							"function": "set_count",
							"count": {
								"min": 1,
								"max": 5
							}
						}
					]
				},
				{
					"type": "item",
					"name": "minecraft:apple",
					"weight": 10,
					"functions": [
						{
						"function": "set_nbt",
						"tag": "{id:\"cpp:toffee_apple\",display:{Name:\"{\\\"translate\\\":\\\"item.cpp.toffee_apple\\\"}\"},HideFlags:63,Enchantments:[{}]}"
						},
						{
							"function": "set_count",
							"count": {
								"min": 1,
								"max": 5
							}
						}
					]
				},
				{
					"type": "item",
					"name": "minecraft:coal",
					"weight": 12,
					"functions": [
						{
							"function": "set_count",
							"count": {
								"min": 1,
								"max": 5
							}
						}
					]
				},
				{
					"type": "item",
					"name": "minecraft:bone",
					"weight": 12,
					"quality": -2,
					"functions": [
						{
							"function": "set_count",
							"count": {
								"min": 1,
								"max": 9
							}
						}
					]
				},
				{
					"type": "item",
					"name": "minecraft:gunpowder",
					"weight": 12,
					"quality": -2,
					"functions": [
						{
							"function": "set_count",
							"count": {
								"min": 1,
								"max": 9
							}
						}
					]
				},
				{
					"type": "item",
					"name": "minecraft:rotten_flesh",
					"weight": 12,
					"quality": -2,
					"functions": [
						{
							"function": "set_count",
							"count": {
								"min": 1,
								"max": 9
							}
						}
					]
				},
				{
					"type": "item",
					"name": "minecraft:string",
					"weight": 12,
					"quality": -2,
					"functions": [
						{
							"function": "set_count",
							"count": {
								"min": 1,
								"max": 9
							}
						}
					]
				}
			]
		}
	]
}