{
	"pools": [
		{
			"rolls": 1,
			"entries": [
				{
					"type": "minecraft:item",
					"name": "minecraft:acacia_log",
					"functions": [
						{
							"function": "minecraft:set_count",
							"count": 4
						}
					]
				}
			]
		},
		{
			"rolls": 1,
			"entries": [
				{
					"type": "minecraft:loot_table",
					"name": "minecraft:blocks/acacia_sapling",
					"functions": [
						{
							"function": "minecraft:set_count",
							"count":{
								"min": 0,
								"max": 3
							}
						}
					]
				}
			]
		}
	]
}