{
	"pools": [
		{
			"rolls": 1,
			"entries": [
				{
					"type": "minecraft:item",
					"name": "minecraft:crimson_stem",
					"functions": [
						{
							"function": "minecraft:set_count",
							"count": 3
						}
					]
				},
				{
					"type": "minecraft:item",
					"name": "minecraft:nether_wart_block",
					"functions": [
						{
							"function": "minecraft:set_count",
							"count": 3
						}
					]
				}
			]
		},
		{
			"rolls": 1,
			"entries": [
				{
					"type": "minecraft:item",
					"name": "minecraft:crimson_fungus",
					"functions": [
						{
							"function": "minecraft:set_count",
							"count":{
								"min": 0,
								"max": 3
							}
						}
					]
				}
			]
		}
	]
}