{
	"pools": [
		{
			"rolls": 1,
			"entries": [
				{
					"type": "item",
					"name": "minecraft:dead_bush",
					"weight": 32
				},
				{
					"type": "item",
					"name": "minecraft:iron_nugget",
					"weight": 24,
					"functions":[
						{
							"function": "set_count",
							"count": {
								"min": 1,
								"max": 4
							}
						}
					]
				},
				{
					"type": "item",
					"name": "minecraft:gold_nugget",
					"weight": 16,
					"functions":[
						{
							"function": "set_count",
							"count": {
								"min": 1,
								"max": 4
							}
						}
					]
				},
				{
					"type": "item",
					"name": "minecraft:bone_meal",
					"weight": 10
				},
				{
					"type": "item",
					"name": "minecraft:redstone",
					"weight": 10
				},
				{
					"type": "item",
					"name": "minecraft:gunpowder",
					"weight": 6
				},
				{
					"type": "item",
					"name": "minecraft:blaze_powder",
					"weight": 2
				}
			]
		}
	]
}