{
	"display": {
		"icon": {
			"item": "minecraft:wooden_sword",
			"nbt":"{Unbreakable:1b,Damage:21}"
		},
		"title":{
			"translate": "advancements.cpp.mahoushoujo.title"
		},
		"description": {
			"translate": "advancements.cpp.mahoushoujo.description"
		},
		"frame": "challenge"
	},
	"parent": "cpp:transporter",
	"criteria": {
		"mahoushoujo": {
			"trigger": "minecraft:inventory_changed",
			"conditions":{
				"items":[
					{
						"nbt":"{id:\"cpp:sealing_wand\"}"
					}
				]
			}
		}
	},
	"rewards":{
		"experience": 100
	}
}