{
    "pools": [
        {
            "rolls": 1,
            "entries": [
                {
                    "type": "item",
                    "name": "minecraft:leather",
                    "functions": [
                        {
                            "function": "set_count",
                            "count": {
                                "min": 0,
                                "max": 2
                            }
                        },
                        {
                            "function": "looting_enchant",
                            "count": {
                                "min": 0,
                                "max": 1
                            }
                        }
                    ]
                }
            ]
        },
        {
            "conditions": [
				{
					"condition": "entity_properties",
					"entity": "this",
					"properties": {
						"on_fire": false
					}
				}
			],
            "rolls": 1,
            "entries": [
                {
                    "type": "item",
                    "name": "minecraft:mutton",
                    "weight": 1,
                    "functions": [
                        {
                            "function": "set_count",
                            "count": {
                                "min": 1,
                                "max": 3
                            }
                        },
                        {
                            "function": "set_nbt",
                            "tag": "{display:{Name:\"{\\\"translate\\\":\\\"cpp.item.donkey\\\"}\"}}"
                        },
                        {
                            "function": "looting_enchant",
                            "count": {
                                "min": 0,
                                "max": 1
                            }
                        }
                    ]
                }
            ]
        },
        {
            "conditions": [
				{
					"condition": "entity_properties",
					"entity": "this",
					"properties": {
						"on_fire": true
					}
				}
			],
            "rolls": 1,
            "entries": [
                {
                    "type": "item",
                    "name": "minecraft:cooked_mutton",
                    "weight": 1,
                    "functions": [
                        {
                            "function": "set_count",
                            "count": {
                                "min": 1,
                                "max": 3
                            }
                        },
                        {
                            "function": "set_nbt",
                            "tag": "{display:{Name:\"{\\\"translate\\\":\\\"cpp.item.cooked_donkey\\\"}\"}}"
                        },
                        {
                            "function": "looting_enchant",
                            "count": {
                                "min": 0,
                                "max": 1
                            }
                        }
                    ]
                }
			]
		},
        {
            "conditions": [
                {
                    "condition": "killed_by_player"
                },
                {
                    "condition": "random_chance_with_looting",
                    "chance": 0.025,
                    "looting_multiplier": 0.01
                }
            ],
            "rolls": 1,
            "entries": [
                {
                    "type": "item",
                    "name": "minecraft:player_head",
                    "weight": 1,
                    "functions": [
						{
							"function": "set_nbt",
							"tag": "{display:{Name:\"{\\\"translate\\\":\\\"cpp.item.donkey_head\\\"}\"},SkullOwner:{Id:\"4beb3ab6-9e20-4416-967c-d6014032ab03\",Properties:{textures:[{Value:\"eyJ0ZXh0dXJlcyI6eyJTS0lOIjp7InVybCI6Imh0dHA6Ly90ZXh0dXJlcy5taW5lY3JhZnQubmV0L3RleHR1cmUvM2IyNTI2NmQ0MGNlY2Q5M2QwNTMxNTZlNGE0YTc4NDE0MGQwMzQyNTVjNzIxY2MzNzVkMWMzNjQ4MzQyYjZmZCJ9fX0=\"}]}}}"
						}
                    ]
                }
            ]
        }
    ]
}