{
	"pools": [
        {
            "conditions": [
                {
                    "condition": "killed_by_player"
                },
                {
                    "condition": "random_chance_with_looting",
                    "chance": 0.025,
                    "looting_multiplier": 0.01
                }
            ],
            "rolls": 1,
            "entries": [
                {
                    "type": "item",
                    "name": "minecraft:rabbit_foot",
                    "weight": 1,
                    "functions": [
						{
							"function": "set_nbt",
							"tag": "{cppid:arm_of_mob,display:{Name:\"{\\\"translate\\\":\\\"cpp.item.arm_of_mob\\\"}\"},ench:[{id:999s}]}"
						}
                    ]
                },
                {
                    "type": "item",
                    "name": "minecraft:ender_pearl",
                    "weight": 1,
                    "functions": [
						{
							"function": "set_nbt",
							"tag": "{cppid:spirit_of_ender,display:{Name:\"{\\\"translate\\\":\\\"cpp.item.spirit_of_ender\\\"}\"},ench:[{id:999s}]}"
						}
                    ]
                }
            ]
        }
    ]
}