{
    "pools": [
        {
            "rolls": 1,
            "entries": [
                {
                    "type": "item",
                    "name": "minecraft:rotten_flesh",
                    "weight": 1,
                    "functions": [
                        {
                            "function": "set_count",
                            "count": {
                                "min": 0,
                                "max": 2
                            }
                        },
                        {
                            "function": "looting_enchant",
                            "count": {
                                "min": 0,
                                "max": 1
                            }
                        }
                    ]
                }
            ]
        },
        {
            "conditions": [
                {
                    "condition": "killed_by_player"
                },
                {
                    "condition": "random_chance_with_looting",
                    "chance": 0.025,
                    "looting_multiplier": 0.01
                }
            ],
            "rolls": 1,
            "entries": [
                {
                    "type": "item",
                    "name": "minecraft:iron_ingot",
                    "weight": 1
                },
                {
                    "type": "item",
                    "name": "minecraft:carrot",
                    "weight": 1
                },
                {
                    "type": "item",
                    "name": "minecraft:potato",
                    "weight": 1
                }
			]
		},			
        {
            "conditions": [
                {
                    "condition": "killed_by_player"
                },
                {
                    "condition": "random_chance_with_looting",
                    "chance": 0.025,
                    "looting_multiplier": 0.01
                }
            ],
            "rolls": 1,
            "entries": [
                {
                    "type": "item",
                    "name": "minecraft:poisonous_potato",
                    "weight": 1,
                    "functions": [
						{
							"function": "set_nbt",
							"tag": "{cppid:soul_of_undead,display:{Name:\"{\\\"translate\\\":\\\"cpp.item.soul_of_undead\\\"}\"},ench:[{id:999s}]}"
						}
                    ]
                }
			]
		},			
        {
            "conditions": [
                {
                    "condition": "killed_by_player"
                },
                {
                    "condition": "random_chance_with_looting",
                    "chance": 0.025,
                    "looting_multiplier": 0.01
                }
            ],
            "rolls": 1,
            "entries": [
                {
                    "type": "item",
                    "name": "minecraft:player_head",
                    "weight": 1,
                    "functions": [
						{
							"function": "set_nbt",
							"tag": "{display:{Name:\"{\\\"translate\\\":\\\"cpp.item.husk_head\\\"}\"},SkullOwner:{Id:\"1abe147b-ea7a-470c-8e74-16ce8fed6cb6\",Properties:{textures:[{Value:\"eyJ0ZXh0dXJlcyI6eyJTS0lOIjp7InVybCI6Imh0dHA6Ly90ZXh0dXJlcy5taW5lY3JhZnQubmV0L3RleHR1cmUvZDY3NGM2M2M4ZGI1ZjRjYTYyOGQ2OWEzYjFmOGEzNmUyOWQ4ZmQ3NzVlMWE2YmRiNmNhYmI0YmU0ZGIxMjEifX19\"}]}}}"
						}
                    ]
                }
            ]
        }
    ]
}