{
    "pools": [
        {
            "rolls": 1,
            "entries": [
                {
                    "type": "item",
                    "name": "minecraft:ink_sac",
                    "weight": 1,
                    "functions": [
                        {
                            "function": "set_count",
                            "count": {
                                "min": 1,
                                "max": 3
                            }
                        },
                        {
                            "function": "looting_enchant",
                            "count": {
                                "min": 0,
                                "max": 1
                            }
                        }
                    ]
                }
            ]
        },
        {
            "conditions": [
                {
                    "condition": "killed_by_player"
                },
                {
                    "condition": "random_chance_with_looting",
                    "chance": 0.025,
                    "looting_multiplier": 0.01
                }
            ],
            "rolls": 1,
            "entries": [
                {
                    "type": "item",
                    "name": "minecraft:prismarine_crystals",
                    "weight": 1,
                    "functions": [
						{
							"function": "set_nbt",
							"tag": "{cppid:heart_of_ocean,display:{Name:\"{\\\"translate\\\":\\\"cpp.item.heart_of_ocean\\\"}\"},ench:[{id:999s}]}"
						}
                    ]
                }
			]
		},			
        {
            "conditions": [
                {
                    "condition": "killed_by_player"
                },
                {
                    "condition": "random_chance_with_looting",
                    "chance": 0.025,
                    "looting_multiplier": 0.01
                }
            ],
            "rolls": 1,
            "entries": [
                {
                    "type": "item",
                    "name": "minecraft:player_head",
                    "weight": 1,
                    "functions": [
						{
							"function": "set_nbt",
							"tag": "{display:{Name:\"{\\\"translate\\\":\\\"cpp.item.squid_head\\\"}\"},SkullOwner:{Id:\"f95d9504-ea2b-4b89-b2d0-d400654a7010\",Properties:{textures:[{Value:\"eyJ0ZXh0dXJlcyI6eyJTS0lOIjp7InVybCI6Imh0dHA6Ly90ZXh0dXJlcy5taW5lY3JhZnQubmV0L3RleHR1cmUvMDE0MzNiZTI0MjM2NmFmMTI2ZGE0MzRiODczNWRmMWViNWIzY2IyY2VkZTM5MTQ1OTc0ZTljNDgzNjA3YmFjIn19fQ==\"}]}}}"
						}
                    ]
                }
            ]
        }
    ]
}