{
	"type": "smelting",
	"ingredient": [
		{
			"item": "minecraft:diamond_sword"
		},
		{
			"item": "minecraft:diamond_axe"
		},
		{
			"item": "minecraft:diamond_pickaxe"
		},
		{
			"item": "minecraft:diamond_shovel"
		},
		{
			"item": "minecraft:diamond_hoe"
		},
		{
			"item": "minecraft:diamond_helmet"
		},
		{
			"item": "minecraft:diamond_chestplate"
		},
		{
			"item": "minecraft:diamond_leggings"
		},
		{
			"item": "minecraft:diamond_boots"
		},
		{
			"item": "minecraft:diamond_horse_armor"
		}
	],
	"result": "minecraft:diamond",
	"experience": 0.35,
	"cookingtime": 200
}