{
	"pools": [
		{
			"rolls": 1,
			"entries": [
				{
					"type": "item",
					"name": "minecraft:salmon",
					"weight": 1,
					"functions": [
						{
							"function": "furnace_smelt",
							"conditions": [
								{
									"condition": "entity_properties",
									"entity": "this",
									"properties": {
										"on_fire": true
									}
								}
							]
						},
						{
							"function": "set_count",
							"count": {
								"min": 1,
								"max": 1
							}
						}
					]
				}
			]
		},
        {
            "conditions": [
                {
                    "condition": "random_chance",
                    "chance": 0.05
                }
            ],
            "rolls": 1,
            "entries": [
                {
                    "type": "item",
                    "name": "minecraft:bone_meal",
                    "weight": 1
                }
            ]
        },
		{
			"conditions": [
				{
					"condition": "killed_by_player"
				},
				{
					"condition": "random_chance_with_looting",
					"chance": 0.025,
					"looting_multiplier": 0.01
				}
			],
			"rolls": 1,
			"entries": [
				{
					"type": "item",
					"name": "minecraft:wooden_sword",
					"weight": 1,
					"functions": [
						{
							"function": "set_nbt",
							"tag": "{Damage:2,Unbreakable:1b,HideFlags:63,isRareDrops:1b,id:\"cpp:heart_of_ocean\",display:{Name:\"{\\\"translate\\\":\\\"item.cpp.heart_of_ocean\\\"}\"}}"
						}
					]
				}
			]
		},
		{
			"conditions": [
				{
					"condition": "killed_by_player"
				},
				{
					"condition": "random_chance_with_looting",
					"chance": 0.025,
					"looting_multiplier": 0.01
				}
			],
			"rolls": 1,
			"entries": [
				{
					"type": "item",
					"name": "minecraft:player_head",
					"weight": 1,
					"functions": [
						{
							"function": "set_nbt",
							"tag": "{display:{Name:\"{\\\"translate\\\":\\\"item.cpp.salmon_head\\\"}\"},SkullOwner:{Id:\"e246c06c-5d6a-4fd9-b600-c6bd71336b7a\",Properties:{textures:[{Value:\"eyJ0ZXh0dXJlcyI6eyJTS0lOIjp7InVybCI6Imh0dHA6Ly90ZXh0dXJlcy5taW5lY3JhZnQubmV0L3RleHR1cmUvYWRmYzU3ZDA5MDU5ZTQ3OTlmYTkyYzE1ZTI4NTEyYmNmYWExMzE1NTc3ZmUzYTI3YWVkMzg5ZTRmNzUyMjg5YSJ9fX0=\"}]}}}"
						}
					]
				}
			]
		}
	]
}