{
	"pools": [
		{
			"rolls": 1, 
			"entries": [
				{
					"type": "item", 
					"name": "minecraft:glass_bottle",
					"weight": 1
				}
			]
		},
		{
			"rolls": 4,
			"entries": [
				{
					"type": "item",
					"name": "minecraft:string",
					"weight": 1
				}
			]
		},
		{
			"rolls": 1,
			"entries": [
				{
					"type": "item",
					"name": "minecraft:pink_dye",
					"weight": 1,
					"conditions": [
						{
							"condition": "random_chance",
							"chance": 0.05
						}
					]
				}
			]
		}
	]
}