{
	"pools": [
		{
			"rolls": 1, 
			"entries": [
				{
					"type": "item", 
					"name": "minecraft:glass_bottle",
					"weight": 1
				}
			]
		},
		{
			"rolls": 1,
			"entries": [
				{
					"type": "item",
					"name": "minecraft:potion",
					"weight": 1,
					"conditions": [
						{
							"condition": "random_chance",
							"chance": 0.33
						}
					],
					"functions": [
						{
							"function": "set_nbt",
							"tag": "{CustomPotionColor:15000804,HideFlags:63,display:{Name:\"{\\\"translate\\\":\\\"cpp.item.quartz_dust\\\"}\"},cppid:\"quartz_dust\"}"
						}
					]
				}
			]
		}
	]
}