{
	"pools": [
		{
			"rolls": 1,
			"entries": [
				{
					"type":"item",
					"name":"minecraft:white_wool"
				},
				{
					"type":"item",
					"name":"minecraft:orange_wool"
				},
				{
					"type":"item",
					"name":"minecraft:magenta_wool"
				},
				{
					"type":"item",
					"name":"minecraft:light_blue_wool"
				},
				{
					"type":"item",
					"name":"minecraft:yellow_wool"
				},
				{
					"type":"item",
					"name":"minecraft:lime_wool"
				},
				{
					"type":"item",
					"name":"minecraft:pink_wool"
				},
				{
					"type":"item",
					"name":"minecraft:gray_wool"
				},
				{
					"type":"item",
					"name":"minecraft:light_gray_wool"
				},
				{
					"type":"item",
					"name":"minecraft:cyan_wool"
				},
				{
					"type":"item",
					"name":"minecraft:purple_wool"
				},
				{
					"type":"item",
					"name":"minecraft:blue_wool"
				},
				{
					"type":"item",
					"name":"minecraft:brown_wool"
				},
				{
					"type":"item",
					"name":"minecraft:green_wool"
				},
				{
					"type":"item",
					"name":"minecraft:red_wool"
				},
				{
					"type":"item",
					"name":"minecraft:black_wool"
				}
			]
		},
		{
			"rolls": {
				"min": 0,
				"max": 3
			},
			"entries": [
				{
			
					"type": "loot_table",
					"name": "cpp:wool_sapling"
				}
			]
		}
	]
}