{
	"pools": [
		{
			"rolls": 1,
			"entries": [
				{
					"type": "loot_table",
					"name": "minecraft:entities/witch",
					"weight": 1
				},
				{
					"type": "loot_table",
					"name": "minecraft:entities/shulker",
					"weight": 1
				},
				{
					"type": "loot_table",
					"name": "minecraft:entities/phantom",
					"weight": 1
				},
				{
					"type": "loot_table",
					"name": "minecraft:entities/ghast",
					"weight": 1
				},
				{
					"type": "loot_table",
					"name": "minecraft:entities/wither_skeleton",
					"weight": 1
				},
				{
					"type": "loot_table",
					"name": "minecraft:entities/magma_cube",
					"weight": 1
				},
				{
					"type": "loot_table",
					"name": "minecraft:entities/zombie_pigman",
					"weight": 10
				},
				{
					"type": "loot_table",
					"name": "minecraft:entities/enderman",
					"weight": 1
				},
				{
					"type": "loot_table",
					"name": "minecraft:entities/slime",
					"weight": 1
				},
				{
					"type": "loot_table",
					"name": "minecraft:entities/spider",
					"weight": 5
				},
				{
					"type": "loot_table",
					"name": "minecraft:entities/creeper",
					"weight": 10
				},
				{
					"type": "loot_table",
					"name": "minecraft:entities/skeleton",
					"weight": 10
				},
				{
					"type": "loot_table",
					"name": "minecraft:entities/zombie",
					"weight": 10
				}
			]
		}
	]
}