{
	"pools": [
		{
			"rolls": {
				"min": 1,
				"max": 9
			},
			"entries": [
				{
					"type": "minecraft:loot_table",
					"name": "cpp:soul_of_dirt",
					"weight": 1,
					"quality": 2
				},
				{
					"type": "minecraft:loot_table",
					"name": "cpp:nova_of_fire",
					"weight": 1,
					"quality": 2
				},
				{
					"type": "minecraft:loot_table",
					"name": "cpp:limb_of_ridge",
					"weight": 1,
					"quality": 2
				},
				{
					"type": "minecraft:item",
					"name": "minecraft:enchanted_golden_apple",
					"quality": 1,
					"weight": 3
				},
				{
					"type": "minecraft:loot_table",
					"name": "cpp:enchanted_iron",
					"weight": 7,
					"quality": 1
				},
				{
					"type": "minecraft:loot_table",
					"name": "cpp:enchanted_gold",
					"weight": 7,
					"quality": 1
				},
				{
					"type": "minecraft:item",
					"name": "minecraft:bread",
					"weight": 10,
					"functions": [
						{
							"function": "minecraft:set_nbt",
							"tag": "{display:{Name:'{\"translate\":\"item.cpp.meat_floss_bread\"}',Lore:['{\"translate\":\"lore.cpp.speed\"}']},id:'cpp:meat_floss_bread',CustomModelData:12970001}"
						},
						{
							"function": "minecraft:set_count",
							"count": {
								"min": 1,
								"max": 5
							}
						}
					]
				},
				{
					"type": "minecraft:item",
					"name": "minecraft:apple",
					"weight": 10,
					"functions": [
						{
							"function": "minecraft:set_nbt",
							"tag": "{display:{Name:'{\"translate\":\"item.cpp.toffee_apple\"}',Lore:['{\"translate\":\"lore.cpp.speed\"}']},id:'cpp:toffee_apple',CustomModelData:12970100}"
						},
						{
							"function": "minecraft:set_count",
							"count": {
								"min": 1,
								"max": 5
							}
						}
					]
				},
				{
					"type": "minecraft:item",
					"name": "minecraft:coal",
					"weight": 12,
					"functions": [
						{
							"function": "minecraft:set_count",
							"count": {
								"min": 1,
								"max": 5
							}
						}
					]
				},
				{
					"type": "minecraft:item",
					"name": "minecraft:bone",
					"weight": 12,
					"quality": -2,
					"functions": [
						{
							"function": "minecraft:set_count",
							"count": {
								"min": 1,
								"max": 9
							}
						}
					]
				},
				{
					"type": "minecraft:item",
					"name": "minecraft:gunpowder",
					"weight": 12,
					"quality": -2,
					"functions": [
						{
							"function": "minecraft:set_count",
							"count": {
								"min": 1,
								"max": 9
							}
						}
					]
				},
				{
					"type": "minecraft:item",
					"name": "minecraft:rotten_flesh",
					"weight": 12,
					"quality": -2,
					"functions": [
						{
							"function": "minecraft:set_count",
							"count": {
								"min": 1,
								"max": 9
							}
						}
					]
				},
				{
					"type": "minecraft:item",
					"name": "minecraft:string",
					"weight": 12,
					"quality": -2,
					"functions": [
						{
							"function": "minecraft:set_count",
							"count": {
								"min": 1,
								"max": 9
							}
						}
					]
				}
			]
		}
	]
}