{
	"pools": [
		{
			"rolls": 1,
			"entries": [
				{
					"type": "minecraft:alternatives",
					"children": [
						{
							"conditions": [
								{
									"condition": "minecraft:location_check",
									"predicate": {
										"block": {
											"nbt": "{Items:[{Slot:3b,tag:{id:'cpp:wing_of_sky'}}]}"
										}
									}
								}
							],
							"type": "minecraft:loot_table",
							"name": "cpp:agentia_of_sky"
						},
						{
							"conditions": [
								{
									"condition": "minecraft:location_check",
									"predicate": {
										"block": {
											"nbt": "{Items:[{Slot:3b,tag:{id:'cpp:wing_of_sky'}}]}"
										}
									}
								}
							],
							"type": "minecraft:loot_table",
							"name": "cpp:agentia_of_ocean"
						},
						{
							"conditions": [
								{
									"condition": "minecraft:location_check",
									"predicate": {
										"block": {
											"nbt": "{Items:[{Slot:3b,tag:{id:'cpp:limb_of_ridge'}}]}"
										}
									}
								}
							],
							"type": "minecraft:loot_table",
							"name": "cpp:agentia_of_ridge"
						},
						{
							"conditions": [
								{
									"condition": "minecraft:location_check",
									"predicate": {
										"block": {
											"nbt": "{Items:[{Slot:3b,tag:{id:'cpp:soul_of_dirt'}}]}"
										}
									}
								}
							],
							"type": "minecraft:loot_table",
							"name": "cpp:agentia_of_dirt"
						},
						{
							"conditions": [
								{
									"condition": "minecraft:location_check",
									"predicate": {
										"block": {
											"nbt": "{Items:[{Slot:3b,tag:{id:'cpp:certification_of_earth'}}]}"
										}
									}
								}
							],
							"type": "minecraft:loot_table",
							"name": "cpp:agentia_of_earth"
						},
						{
							"conditions": [
								{
									"condition": "minecraft:location_check",
									"predicate": {
										"block": {
											"nbt": "{Items:[{Slot:3b,tag:{id:'cpp:nova_of_fire'}}]}"
										}
									}
								}
							],
							"type": "minecraft:loot_table",
							"name": "cpp:agentia_of_fire"
						},
						{
							"conditions": [
								{
									"condition": "minecraft:location_check",
									"predicate": {
										"block": {
											"nbt": "{Items:[{Slot:3b,tag:{id:'cpp:spirit_of_life'}}]}"
										}
									}
								}
							],
							"type": "minecraft:loot_table",
							"name": "cpp:agentia_of_life"
						}
					]
				}
			]
		}
	]
}