{
	"pools": [
		{
			"rolls": 1,
			"entries": [
				{
					"type": "item",
					"name": "minecraft:leather_boots",
					"weight": 10,
					"functions": [
						{
							"function": "set_damage",
							"damage": {
								"min": 0,
								"max": 0.90
							}
						}
					]
				},
				{
					"type": "item",
					"name": "minecraft:leather",
					"weight": 10
				},
				{
					"type": "item",
					"name": "minecraft:bone",
					"weight": 10
				},
				{
					"type": "item",
					"name": "minecraft:potion",
					"weight": 10,
					"functions": [
						{
							"function": "set_nbt",
							"tag": "{Potion:\"minecraft:water\"}"
						}
					]
				},
				{
					"type": "item",
					"name": "minecraft:string",
					"weight": 5
				},
				{
					"type": "item",
					"name": "minecraft:fishing_rod",
					"weight": 2,
					"functions": [
						{
							"function": "set_damage",
							"damage": {
								"min": 0,
								"max": 0.90
							}
						}
					]
				},
				{
					"type": "item",
					"name": "minecraft:bowl",
					"weight": 10
				},
				{
					"type": "item",
					"name": "minecraft:stick",
					"weight": 5
				},
				{
					"type": "item",
					"name": "minecraft:ink_sac",
					"weight": 1,
					"functions": [
						{
							"function": "set_count",
							"count": 10
						}
					]
				},
				{
					"type": "item",
					"name": "minecraft:tripwire_hook",
					"weight": 10
				},
				{
					"type": "item",
					"name": "minecraft:rotten_flesh",
					"weight": 10
				},
				{
					"type": "item",
					"name": "minecraft:gunpowder",
					"weight": 10
				},
				{
					"type": "item",
					"name": "minecraft:prismarine_shard",
					"weight": 10
				}
			]
		}
	]
}
