{
	"pools": [
		{
			"rolls": 1,
			"entries": [
				{
					"type": "item",
					"name": "minecraft:oak_sapling",
					"weight": 1
				},
				{
					"type": "item",
					"name": "minecraft:spruce_sapling",
					"weight": 1
				},
				{
					"type": "item",
					"name": "minecraft:birch_sapling",
					"weight": 1
				},
				{
					"type": "item",
					"name": "minecraft:jungle_sapling",
					"weight": 1
				},
				{
					"type": "item",
					"name": "minecraft:acacia_sapling",
					"weight": 1
				},
				{
					"type": "item",
					"name": "minecraft:dark_oak_sapling",
					"weight": 1
				}
			]
		}
	]
}