{
	"pools": [
		{
			"conditions": [
				{
					"condition": "killed_by_player"
				},
				{
					"condition": "random_chance_with_looting",
					"chance": 0.025,
					"looting_multiplier": 0.01
				}
			],
			"rolls": 1,
			"entries": [
				{
					"type": "item",
					"name": "minecraft:wooden_sword",
					"weight": 1,
					"functions": [
						{
							"function": "set_nbt",
							"tag": "{Damage:7,Unbreakable:1b,HideFlags:63,isRareDrops:1b,id:\"cpp:spirit_of_life\",display:{Name:\"{\\\"translate\\\":\\\"item.cpp.spirit_of_life\\\"}\"}}"
						}
					]
				}
			]
		}
	]
}