{
	"pools": [
		{
			"rolls": 1,
			"entries": [
				{
					"type": "item",
					"name": "minecraft:suspicious_stew",
					"functions": [
						{
							"function": "set_nbt",
							"tag": "{display:{\"Name\":\"{\\\"translate\\\":\\\"item.cpp.fish_and_chips\\\"}\",Lore:[\"{\\\"text\\\":\\\"§r\\\"}\",\"{\\\"translate\\\":\\\"lore.cpp.speed\\\"}\"]},id:\"cpp:fish_and_chips\",CustomModelData:12970009,Effects:[{EffectDuration:600,EffectId:1b},{EffectDuration:10,EffectId:23b}]}"
						}
					]
				}
			]
		}
	]
}
