{
	"pools": [
		{
			"rolls": 1, 
			"entries": [
				{
					"type": "item", 
					"name": "minecraft:oak_sapling",
					"weight": 1
				},
				{
					"type": "item", 
					"name": "minecraft:spruce_sapling",
					"weight": 1
				},
				{
					"type": "item", 
					"name": "minecraft:birch_sapling",
					"weight": 1
				},
				{
					"type": "item", 
					"name": "minecraft:jungle_sapling",
					"weight": 1
				},
				{
					"type": "item", 
					"name": "minecraft:acacia_sapling",
					"weight": 1
				},
				{
					"type": "item", 
					"name": "minecraft:dark_oak_sapling",
					"weight": 1
				},
				{
					"type": "item", 
					"name": "minecraft:wheat_seeds",
					"weight": 1
				},
				{
					"type": "item", 
					"name": "minecraft:beetroot_seeds",
					"weight": 1
				},
				{
					"type": "item", 
					"name": "minecraft:pumpkin_seeds",
					"weight": 1
				},
				{
					"type": "item", 
					"name": "minecraft:melon_seeds",
					"weight": 1
				},
				{
					"type": "item", 
					"name": "minecraft:carrot",
					"weight": 1
				},
				{
					"type": "item", 
					"name": "minecraft:potato",
					"weight": 1
				},
				{
					"type": "item", 
					"name": "minecraft:sugar_cane",
					"weight": 1
				},
				{
					"type": "item", 
					"name": "minecraft:cocoa_beans",
					"weight": 1
				},
				{
					"type": "item", 
					"name": "minecraft:cactus",
					"weight": 1
				},
				{
					"type": "item", 
					"name": "minecraft:brown_mushroom",
					"weight": 1
				},
				{
					"type": "item", 
					"name": "minecraft:red_mushroom",
					"weight": 1
				}
			]
		}
	]
}