{
	"pools": [
		{
			"rolls": 1,
			"entries": [
				{
					"type": "loot_table",
					"name": "cpp:apricot"
				},
				{
					"type": "loot_table",
					"name": "cpp:banana"
				},
				{
					"type": "loot_table",
					"name": "cpp:blueberry"
				},
				{
					"type": "loot_table",
					"name": "cpp:cherry"
				},
				{
					"type": "loot_table",
					"name": "cpp:chinese_date"
				},
				{
					"type": "loot_table",
					"name": "cpp:coconut"
				},
				{
					"type": "loot_table",
					"name": "cpp:golden_grape"
				},
				{
					"type": "loot_table",
					"name": "cpp:grape"
				},
				{
					"type": "loot_table",
					"name": "cpp:grapefruit"
				},
				{
					"type": "loot_table",
					"name": "cpp:hawthorn"
				},
				{
					"type": "loot_table",
					"name": "cpp:lemon"
				},
				{
					"type": "loot_table",
					"name": "cpp:longan"
				},
				{
					"type": "loot_table",
					"name": "cpp:loquat"
				},
				{
					"type": "loot_table",
					"name": "cpp:lychee"
				},
				{
					"type": "loot_table",
					"name": "cpp:mango"
				},
				{
					"type": "loot_table",
					"name": "cpp:orange"
				},
				{
					"type": "loot_table",
					"name": "cpp:payapa"
				},
				{
					"type": "loot_table",
					"name": "cpp:peach"
				},
				{
					"type": "loot_table",
					"name": "cpp:pear"
				},
				{
					"type": "loot_table",
					"name": "cpp:persimmon"
				},
				{
					"type": "loot_table",
					"name": "cpp:plum"
				},
				{
					"type": "loot_table",
					"name": "cpp:pomegranate"
				},
				{
					"type": "loot_table",
					"name": "cpp:strawberry"
				},
				{
					"type": "loot_table",
					"name": "cpp:tomato"
				}
			]
		},
		{
			"rolls": 1,
			"entries": [
				{
					"type":  "loot_table",
					"name": "cpp:fruit_sapling",
					"functions": [
						{
							"function": "set_count",
							"count": {
								"min": 0,
								"max": 3
							}
						}
					]
				}
			]
		}
	]
}