{
	"pools": [
		{
			"rolls": 1,
			"entries": [
				{
					"type": "empty",
					"weight": 980
				},
				{
					"type": "loot_table",
					"name": "cpp:lycoris_radiata_seeds"
				},
				{
					"type": "loot_table",
					"name": "cpp:trifolium_seeds"
				},
				{
					"type": "loot_table",
					"name": "cpp:blackthorn_seeds"
				},
				{
					"type": "loot_table",
					"name": "cpp:cattail_seeds"
				},
				{
					"type": "loot_table",
					"name": "cpp:marigold_seeds"
				},
				{
					"type": "loot_table",
					"name": "cpp:hibiscus_seeds"
				},
				{
					"type": "loot_table",
					"name": "cpp:hyacinth_seeds"
				},
				{
					"type": "loot_table",
					"name": "cpp:calamus_seeds"
				},
				{
					"type": "loot_table",
					"name": "cpp:wild_lilium_seeds"
				},
				{
					"type": "loot_table",
					"name": "cpp:bauhinia_seeds"
				},
				{
					"type": "loot_table",
					"name": "cpp:fluffy_grass_seeds"
				},
				{
					"type": "loot_table",
					"name": "cpp:gerbera_seeds"
				},
				{
					"type": "loot_table",
					"name": "cpp:esparto_seeds"
				},
				{
					"type": "loot_table",
					"name": "cpp:glow_forsythia_seeds"
				},
				{
					"type": "loot_table",
					"name": "cpp:glazed_shade_seeds"
				},
				{
					"type": "loot_table",
					"name": "cpp:stelera_seeds"
				},
				{
					"type": "loot_table",
					"name": "cpp:forage_crystal_seeds"
				},
				{
					"type": "loot_table",
					"name": "cpp:isorchid_seeds"
				},
				{
					"type": "loot_table",
					"name": "cpp:burning_chrysanthe_seeds"
				},
				{
					"type": "loot_table",
					"name": "cpp:oxalis_seeds"
				}
			]
		}
	]
}