{
	"pools": [
		{
			"rolls": 1,
			"entries": [
				{
					"type": "item",
					"name": "minecraft:red_mushroom",
					"functions": [
						{
							"function": "set_count",
							"count": {
								"min": 0,
								"max": 2
							}
						},
						{
							"function": "looting_enchant",
							"count": {
								"min": 0,
								"max": 1
							}
						}
					]
				}
			]
		},
		{
			"rolls": 1,
			"entries": [
				{
					"type": "item",
					"name": "minecraft:rotten_flesh",
					"functions": [
						{
							"function": "set_count",
							"count": {
								"min": 0,
								"max": 2
							}
						},
						{
							"function": "looting_enchant",
							"count": {
								"min": 0,
								"max": 1
							}
						}
					]
				}
			]
		},
		{
			"conditions": [
				{
					"condition": "alternative",
					"terms": [
						{
							"condition": "killed_by_player"
						},
						{
							"condition": "entity_properties",
							"entity": "killer",
							"predicate": {
								"type": "minecraft:zombie_pigman"
							} 
						}
					]
				},
				{
					"condition": "random_chance_with_looting",
					"chance": 0.025,
					"looting_multiplier": 0.01
				}
			],
			"rolls": 1,
			"entries": [
				{
					"type": "alternatives",
					"children": [
						{
							"conditions": [
								{
									"condition": "entity_properties",
									"entity": "this",
									"predicate": {
										"nbt": "{Type:\"red\"}"
									}
								}
							],
							"type": "loot_table",
							"name": "cpp:red_mooshroom_head"
						},
						{
							"conditions": [
								{
									"condition": "entity_properties",
									"entity": "this",
									"predicate": {
										"nbt": "{Type:\"brown\"}"
									}
								}
							],
							"type": "loot_table",
							"name": "cpp:brown_mooshroom_head"
						}
					]
				}
			]
		},
		{
			"conditions": [
				{
					"condition": "alternative",
					"terms": [
						{
							"condition": "killed_by_player"
						},
						{
							"condition": "entity_properties",
							"entity": "killer",
							"predicate": {
								"type": "minecraft:zombie_pigman"
							} 
						}
					]
				}
			],
			"rolls": 1,
			"entries": [
				{
					"type": "loot_table",
					"name": "cpp:shard_of_the_darkness"
				}
			]
		},
		{
			"rolls": 1,
			"entries": [
				{
					"type": "item",
					"name": "minecraft:firework_star",
					"functions": [
						{
							"function": "set_nbt",
							"tag": "{id:\"cpp:mycelium_marker\",CustomModelData:12971000}"
						}
					]
				}
			]
		}
	]
}