{
	"pools": [
		{
			"rolls": 1,
			"entries": [
				{
					"type": "item",
					"name": "minecraft:rabbit_hide",
					"functions": [
						{
							"function": "set_count",
							"count": {
								"min": 0,
								"max": 2
							}
						},
						{
							"function": "looting_enchant",
							"count": {
								"min": 0,
								"max": 1
							}
						}
					]
				}
			]
		},
		{
			"rolls": 1,
			"entries": [
				{
					"type": "item",
					"name": "minecraft:bone",
					"functions": [
						{
							"function": "set_count",
							"count": {
								"min": 0,
								"max": 2
							}
						},
						{
							"function": "looting_enchant",
							"count": {
								"min": 0,
								"max": 1
							}
						}
					]
				}
			]
		},
		{
			"conditions": [
				{
					"condition": "alternative",
					"terms": [
						{
							"condition": "killed_by_player"
						},
						{
							"condition": "entity_properties",
							"entity": "killer",
							"predicate": {
								"type": "minecraft:zombie_pigman"
							} 
						}
					]
				},
				{
					"condition": "random_chance_with_looting",
					"chance": 0.025,
					"looting_multiplier": 0.01
				}
			],
			"rolls": 1,
			"entries": [
				{
					"type": "alternatives",
					"children": [
						{
							"conditions": [
								{
									"condition": "entity_properties",
									"entity": "this",
									"predicate": {
										"nbt": "{CustomName:\"{\\\"text\\\":\\\"Toast\\\"}\"}"
									}
								}
							],
							"type": "loot_table",
							"name": "cpp:rabbit_head/toast"
						},
						{
							"conditions": [
								{
									"condition": "entity_properties",
									"entity": "this",
									"predicate": {
										"nbt": "{RabbitType:0}"
									}
								}
							],
							"type": "loot_table",
							"name": "cpp:rabbit_head/brown"
						},
						{
							"conditions": [
								{
									"condition": "entity_properties",
									"entity": "this",
									"predicate": {
										"nbt": "{RabbitType:1}"
									}
								}
							],
							"type": "loot_table",
							"name": "cpp:rabbit_head/white"
						},
						{
							"conditions": [
								{
									"condition": "entity_properties",
									"entity": "this",
									"predicate": {
										"nbt": "{RabbitType:2}"
									}
								}
							],
							"type": "loot_table",
							"name": "cpp:rabbit_head/black"
						},
						{
							"conditions": [
								{
									"condition": "entity_properties",
									"entity": "this",
									"predicate": {
										"nbt": "{RabbitType:3}"
									}
								}
							],
							"type": "loot_table",
							"name": "cpp:rabbit_head/white_splotched"
						},
						{
							"conditions": [
								{
									"condition": "entity_properties",
									"entity": "this",
									"predicate": {
										"nbt": "{RabbitType:4}"
									}
								}
							],
							"type": "loot_table",
							"name": "cpp:rabbit_head/gold"
						},
						{
							"conditions": [
								{
									"condition": "entity_properties",
									"entity": "this",
									"predicate": {
										"nbt": "{RabbitType:5}"
									}
								}
							],
							"type": "loot_table",
							"name": "cpp:rabbit_head/salt"
						}
					]
				}
			]
		},
		{
			"conditions": [
				{
					"condition": "alternative",
					"terms": [
						{
							"condition": "killed_by_player"
						},
						{
							"condition": "entity_properties",
							"entity": "killer",
							"predicate": {
								"type": "minecraft:zombie_pigman"
							} 
						}
					]
				}
			],
			"rolls": 1,
			"entries": [
				{
					"type": "loot_table",
					"name": "cpp:shard_of_the_darkness"
				}
			]
		}
	]
}