{
	"pools": [
		{
			"rolls": 1,
			"entries": [
				{
					"type": "item",
					"name": "minecraft:flint",
					"weight": 8
				},
				{
					"type": "item",
					"name": "minecraft:beetroot_seeds",
					"weight": 1,
					"functions": [
						{
							"function": "set_nbt",
							"tag": "{display:{Name:\"{\\\"translate\\\":\\\"item.cpp.redstone_shard\\\"}\"},id:\"cpp:redstone_shard\",HideFlags:63,Enchantments:[{}]}"
						}
					]
				},
				{
					"type": "item",
					"name": "minecraft:beetroot_seeds",
					"weight": 1,
					"functions": [
						{
							"function": "set_nbt",
							"tag": "{display:{Name:\"{\\\"translate\\\":\\\"item.cpp.lapis_shard\\\"}\"},id:\"cpp:lapis_shard\",HideFlags:63,Enchantments:[{}]}"
						}
					]
				}
			]
		}
	]
}