{
	"display": {
		"icon": {
			"item": "minecraft:carrot_on_a_stick",
			"nbt":"{CustomModelData:12970064}"
		},
		"title":{
			"translate": "advancements.cpp.dream_wand.title"
		},
		"description": {
			"translate": "advancements.cpp.dream_wand.description"
		},
		"frame": "challenge"
	},
	"parent": "cpp:star_wand",
	"criteria": {
		"dream_wand": {
			"trigger": "minecraft:inventory_changed",
			"conditions":{
				"items":[
					{
						"nbt":"{id:\"cpp:dream_wand\"}"
					}
				]
			}
		}
	},
	"rewards":{
		"experience": 500,
		"function": "cpp:adv/dream_wand"
	}
}