{
	"pools": [
		{
			"rolls": 1.0,
			"entries": [
				{
					"type": "minecraft:item",
					"name": "minecraft:beetroot"
				}
			]
		},
		{
			"rolls": 1.0,
			"entries": [
				{
					"type": "minecraft:item",
					"name": "minecraft:beetroot_seeds",
					"functions": [
						{
							"function": "minecraft:set_count",
							"count": {
								"min": 0,
								"max": 1
							}
						}
					]
				}
			]
		},
		{
			"rolls": 1.0,
			"entries": [
				{
					"type": "minecraft:loot_table",
					"name": "cpp:crops/mod_seeds"
				}
			]
		}
	]
}