{
	"pools": [
		{
			"rolls": {
				"min": 1.0,
				"max": 3.0,
				"type": "minecraft:uniform"
			},
			"entries": [
				{
					"type": "minecraft:item",
					"name": "minecraft:book",
					"weight": 20,
					"functions": [
						{
							"function": "minecraft:set_count",
							"count": {
								"min": 1.0,
								"max": 3.0,
								"type": "minecraft:uniform"
							}
						}
					]
				},
				{
					"type": "minecraft:item",
					"name": "minecraft:paper",
					"weight": 20,
					"functions": [
						{
							"function": "minecraft:set_count",
							"count": {
								"min": 2.0,
								"max": 7.0,
								"type": "minecraft:uniform"
							}
						}
					]
				},
				{
					"type": "minecraft:item",
					"name": "minecraft:map",
					"weight": 10
				},
				{
					"type": "minecraft:item",
					"name": "minecraft:compass",
					"weight": 10
				},
				{
					"type": "minecraft:loot_table",
					"name": "cpp:chests/exploration_map",
					"weight": 10
				},
				{
					"type": "minecraft:item",
					"name": "minecraft:carrot_on_a_stick",
					"functions": [
						{
							"function": "minecraft:set_nbt",
							"tag": "{CustomModelData:12970040,display:{Name:'{\"translate\":\"item.cpp.ancient_scroll\"}',Lore:['{\"translate\":\"enchantment.cpp.fortune\"}']},id:'cpp:ancient_scroll',StoredEnchantments:[{id:\"minecraft:fortune\",lvl:3s}]}"
						}
					]
				},
				{
					"type": "minecraft:item",
					"name": "minecraft:carrot_on_a_stick",
					"functions": [
						{
							"function": "minecraft:set_nbt",
							"tag": "{CustomModelData:12970040,display:{Name:'{\"translate\":\"item.cpp.ancient_scroll\"}',Lore:['{\"translate\":\"enchantment.cpp.looting\"}']},id:'cpp:ancient_scroll',StoredEnchantments:[{id:\"minecraft:looting\",lvl:3s}]}"
						}
					]
				},
				{
					"type": "minecraft:item",
					"name": "minecraft:carrot_on_a_stick",
					"functions": [
						{
							"function": "minecraft:set_nbt",
							"tag": "{CustomModelData:12970040,display:{Name:'{\"translate\":\"item.cpp.ancient_scroll\"}',Lore:['{\"translate\":\"enchantment.cpp.sweeping\"}']},id:'cpp:ancient_scroll',StoredEnchantments:[{id:\"minecraft:sweeping\",lvl:3s}]}"
						}
					]
				},
				{
					"type": "minecraft:item",
					"name": "minecraft:carrot_on_a_stick",
					"functions": [
						{
							"function": "minecraft:set_nbt",
							"tag": "{CustomModelData:12970040,display:{Name:'{\"translate\":\"item.cpp.ancient_scroll\"}',Lore:['{\"translate\":\"enchantment.cpp.lure\"}']},id:'cpp:ancient_scroll',StoredEnchantments:[{id:\"minecraft:lure\",lvl:3s}]}"
						}
					]
				},
				{
					"type": "minecraft:item",
					"name": "minecraft:carrot_on_a_stick",
					"functions": [
						{
							"function": "minecraft:set_nbt",
							"tag": "{CustomModelData:12970040,display:{Name:'{\"translate\":\"item.cpp.ancient_scroll\"}',Lore:['{\"translate\":\"enchantment.cpp.unbreaking\"}']},id:'cpp:ancient_scroll',StoredEnchantments:[{id:\"minecraft:unbreaking\",lvl:3s}]}"
						}
					]
				},
				{
					"type": "minecraft:item",
					"name": "minecraft:carrot_on_a_stick",
					"functions": [
						{
							"function": "minecraft:set_nbt",
							"tag": "{CustomModelData:12970040,display:{Name:'{\"translate\":\"item.cpp.ancient_scroll\"}',Lore:['{\"translate\":\"enchantment.cpp.respiration\"}']},id:'cpp:ancient_scroll',StoredEnchantments:[{id:\"minecraft:respiration\",lvl:3s}]}"
						}
					]
				},
				{
					"type": "minecraft:item",
					"name": "minecraft:carrot_on_a_stick",
					"functions": [
						{
							"function": "minecraft:set_nbt",
							"tag": "{CustomModelData:12970040,display:{Name:'{\"translate\":\"item.cpp.ancient_scroll\"}',Lore:['{\"translate\":\"enchantment.cpp.sharpness\"}']},id:'cpp:ancient_scroll',StoredEnchantments:[{id:\"minecraft:sharpness\",lvl:5s}]}"
						}
					]
				},
				{
					"type": "minecraft:item",
					"name": "minecraft:carrot_on_a_stick",
					"functions": [
						{
							"function": "minecraft:set_nbt",
							"tag": "{CustomModelData:12970040,display:{Name:'{\"translate\":\"item.cpp.ancient_scroll\"}',Lore:['{\"translate\":\"enchantment.cpp.power\"}']},id:'cpp:ancient_scroll',StoredEnchantments:[{id:\"minecraft:power\",lvl:5s}]}"
						}
					]
				}
			]
		}
	]
}