{
    "pools": [
        {
            "conditions": [
                {
                    "condition": "killed_by_player"
                },
                {
                    "condition": "random_chance_with_looting",
                    "chance": 0.025,
                    "looting_multiplier": 0.01
                }
            ],
            "rolls": 1,
            "entries": [
                {
                    "type": "item",
                    "name": "minecraft:player_head",
                    "weight": 1,
                    "functions": [
						{
							"function": "set_nbt",
							"tag": "{display:{Name:\"{\\\"translate\\\":\\\"item.cpp.ocelot_head\\\"}\"},SkullOwner:{Id:\"664dd492-3fcd-443b-9e61-4c7ebd9e4e10\",Properties:{textures:[{Value:\"eyJ0ZXh0dXJlcyI6eyJTS0lOIjp7InVybCI6Imh0dHA6Ly90ZXh0dXJlcy5taW5lY3JhZnQubmV0L3RleHR1cmUvNTY1N2NkNWMyOTg5ZmY5NzU3MGZlYzRkZGNkYzY5MjZhNjhhMzM5MzI1MGMxYmUxZjBiMTE0YTFkYjEifX19\"}]}}}"
						}
                    ]
                },
                {
                    "type": "item",
                    "name": "minecraft:player_head",
                    "weight": 1,
                    "functions": [
						{
							"function": "set_nbt",
							"tag": "{display:{Name:\"{\\\"translate\\\":\\\"item.cpp.ocelot_head\\\"}\"},SkullOwner:{Id:\"feb547f7-43e0-4ec4-a437-f0d57b11f4bf\",Properties:{textures:[{Value:\"eyJ0ZXh0dXJlcyI6eyJTS0lOIjp7InVybCI6Imh0dHA6Ly90ZXh0dXJlcy5taW5lY3JhZnQubmV0L3RleHR1cmUvNjVjOTVjMWYyYTUwYjM3ZDYxMjZmNzZlNDYxOGE0Y2M3OTI3OWE4Yzg0NDM3MjA1NGRjM2IyMmVhMWNlMjcifX19\"}]}}}"
						}
                    ]
                }
            ]
        }
    ]
}