{
	"pools": [
		{
			"rolls": 1,
			"entries": [
				{
					"type": "item",
					"name": "minecraft:phantom_membrane",
					"weight": 1,
					"functions": [
						{
							"function": "set_count",
							"count": {
								"min": 0,
								"max": 1
							}
						},
						{
							"function": "looting_enchant",
							"count": {
								"min": 0,
								"max": 1
							}
						}
					]
				}
			],
			"conditions": [
				{
					"condition": "killed_by_player"
				}
			]
		},
		{
			"conditions": [
				{
					"condition": "entity_properties",
					"entity": "this",
					"properties": {
						"on_fire": false
					}
				},
				{
					"condition": "killed_by_player"
				},
				{
					"condition": "random_chance_with_looting",
					"chance": 0.025,
					"looting_multiplier": 0.01
				}
			],
			"rolls": 1,
			"entries": [
				{
					"type": "item",
					"name": "minecraft:feather",
					"weight": 1,
					"functions": [
						{
							"function": "set_nbt",
							"tag": "{isDrop:1b,id:\"cpp:wing_of_fly\",display:{Name:\"{\\\"translate\\\":\\\"item.cpp.wing_of_fly\\\"}\"},HideFlags:63,ench:[{}]}"
						}
					]
				},
				{
					"type": "item",
					"name": "minecraft:poisonous_potato",
					"weight": 1,
					"functions": [
						{
							"function": "set_nbt",
							"tag": "{isDrop:1b,id:\"cpp:soul_of_undead\",display:{Name:\"{\\\"translate\\\":\\\"item.cpp.soul_of_undead\\\"}\"},HideFlags:63,ench:[{}]}"
						}
					]
				}
			]
		}
	]
}