{
	"pools": [
		{
			"rolls": 1, 
			"entries": [
				{
					"type": "item", 
					"name": "minecraft:flint",
					"weight": 8
				},
				{
					"type": "item", 
					"name": "minecraft:wheat_seeds",
					"weight": 1,
					"functions": [
						{
							"function": "set_nbt",
							"tag": "{display:{Name:\"{\\\"translate\\\":\\\"item.cpp.diamond_shard\\\"}\"},id:\"cpp:diamond_shard\",HideFlags:63,ench:[{}]}"
						}
					]
				},
				{
					"type": "item", 
					"name": "minecraft:wheat_seeds",
					"weight": 1,
					"functions": [
						{
							"function": "set_nbt",
							"tag": "{display:{Name:\"{\\\"translate\\\":\\\"item.cpp.emerald_shard\\\"}\"},id:\"cpp:emerald_shard\",HideFlags:63,ench:[{}]}"
						}
					]
				}
			]
		}
	]
}