{
	"pools": [
		{
			"rolls": 1, 
			"entries": [
				{
					"type": "item", 
					"name": "minecraft:bone_meal",
					"weight": 7
				},
				{
					"type": "item", 
					"name": "minecraft:flint",
					"weight": 1,
					"functions": [
						{
							"function": "set_nbt",
							"tag": "{display:{Name:\"{\\\"translate\\\":\\\"item.cpp.coal_shard\\\"}\"},id:\"cpp:coal_shard\",HideFlags:63,ench:[{}]}"
						}
					]
				},
				{
					"type": "item", 
					"name": "minecraft:flint",
					"weight": 1,
					"functions": [
						{
							"function": "set_nbt",
							"tag": "{display:{Name:\"{\\\"translate\\\":\\\"item.cpp.iron_shard\\\"}\"},id:\"cpp:iron_shard\",HideFlags:63,ench:[{}]}"
						}
					]
				},
				{
					"type": "item", 
					"name": "minecraft:flint",
					"weight": 1,
					"functions": [
						{
							"function": "set_nbt",
							"tag": "{display:{Name:\"{\\\"translate\\\":\\\"item.cpp.gold_shard\\\"}\"},id:\"cpp:gold_shard\",HideFlags:63,ench:[{}]}"
						}
					]
				}
			]
		}
	]
}