{
    "display": {
        "icon": {
            "item": "minecraft:dragon_egg"
        },
        "title":{
            "translate": "advancements.cpp.dragon_egg.title"
		},
        "description": {
            "translate": "advancements.cpp.dragon_egg.description"
		},
        "frame": "challenge"
    },
    "parent": "cpp:ocelot",
    "criteria": {
        "dragon_egg": {
			"trigger": "minecraft:inventory_changed",
			"conditions": {
				"items": [
					{
						"item": "minecraft:dragon_egg"
					}
				]
			}
        }
    },
	"rewards":{
        "experience": 500
	}
}