{
	"pools": [
		{
			"rolls": 1,
			"entries": [
				{
					"type": "item",
					"name": "minecraft:prismarine_shard",
					"weight": 1,
					"functions": [
						{
							"function": "set_count",
							"count": {
								"min": 0,
								"max": 2
							}
						},
						{
							"function": "looting_enchant",
							"count": {
								"min": 0,
								"max": 1
							}
						}
					]
				}
			]
		},
		{
			"rolls": 1,
			"entries": [
				{
					"type": "item",
					"name": "minecraft:cod",
					"weight": 2,
					"functions": [
						{
							"function": "looting_enchant",
							"count": {
								"min": 0,
								"max": 1
							}
						},
						{
							"function": "furnace_smelt",
							"conditions": [
								{
									"condition": "entity_properties",
									"entity": "this",
									"properties": {
										"on_fire": true
									}
								}
							]
						}
					]
				},
				{
					"type": "item",
					"name": "minecraft:prismarine_crystals",
					"weight": 2,
					"functions": [
						{
							"function": "looting_enchant",
							"count": {
								"min": 0,
								"max": 1
							}
						}
					]
				},
				{
					"type": "empty",
					"weight": 1
				}
			]
		},
		{
			"conditions": [
				{
					"condition": "killed_by_player"
				},
				{
					"condition": "random_chance_with_looting",
					"chance": 0.025,
					"looting_multiplier": 0.01
				}
			],
			"rolls": 1,
			"entries": [
				{
					"type": "item",
					"name": "minecraft:wooden_sword",
					"weight": 1,
					"functions": [
						{
							"function": "set_nbt",
							"tag": "{Damage:12,Unbreakable:1b,HideFlags:63,isRareDrops:1b,id:\"cpp:heart_of_ocean\",display:{Name:\"{\\\"translate\\\":\\\"item.cpp.heart_of_ocean\\\"}\"}}"
						}
					]
				}
			]
		},
		{
			"conditions": [
				{
					"condition": "killed_by_player"
				},
				{
					"condition": "random_chance_with_looting",
					"chance": 0.025,
					"looting_multiplier": 0.01
				}
			],
			"rolls": 1,
			"entries": [
				{
					"type": "item",
					"name": "minecraft:player_head",
					"weight": 1,
					"functions": [
						{
							"function": "set_nbt",
							"tag": "{display:{Name:\"{\\\"translate\\\":\\\"item.cpp.guardian_head\\\"}\"},SkullOwner:{Id:\"2e9c0a67-92b3-4949-9be1-faf12318ee88\",Properties:{textures:[{Value:\"eyJ0ZXh0dXJlcyI6eyJTS0lOIjp7InVybCI6Imh0dHA6Ly90ZXh0dXJlcy5taW5lY3JhZnQubmV0L3RleHR1cmUvOTMyYzI0NTI0YzgyYWIzYjNlNTdjMjA1MmM1MzNmMTNkZDhjMGJlYjhiZGQwNjM2OWJiMjU1NGRhODZjMTIzIn19fQ==\"}]}}}"
						}
					]
				}
			]
		}
	]
}