{
	"display": {
		"icon": {
			"item": "minecraft:wooden_sword",
			"nbt":"{Damage:22}"
		},
		"title":{
			"translate": "advancements.cpp.star_wand.title"
		},
		"description": {
			"translate": "advancements.cpp.star_wand.description"
		},
		"frame": "challenge"
	},
	"parent": "cpp:dark_wand",
	"criteria": {
		"star_wand": {
			"trigger": "minecraft:inventory_changed",
			"conditions":{
				"items":[
					{
						"nbt":"{id:\"cpp:star_wand\"}"
					}
				]
			}
		}
	},
	"rewards":{
		"experience": 500
	}
}