{
	"pools": [
		{
			"rolls": 1,
			"entries": [
				{
					"type": "item",
					"name": "minecraft:clownfish",
					"weight": 1,
					"functions": [
						{
							"function": "set_count",
							"count": {
								"min": 1,
								"max": 1
							}
						}
					]
				}
			]
		},
		{
			"conditions": [
				{
					"condition": "killed_by_player"
				},
				{
					"condition": "random_chance_with_looting",
					"chance": 0.025,
					"looting_multiplier": 0.01
				}
			],
			"rolls": 1,
			"entries": [
				{
					"type": "item",
					"name": "minecraft:wooden_sword",
					"weight": 1,
					"functions": [
						{
							"function": "set_nbt",
							"tag": "{Damage:12,Unbreakable:1b,HideFlags:63,isRareDrops:1b,id:\"cpp:heart_of_ocean\",display:{Name:\"{\\\"translate\\\":\\\"item.cpp.heart_of_ocean\\\"}\"}}"
						}
					]
				}
			]
		},
		{
			"conditions": [
				{
					"condition": "killed_by_player"
				},
				{
					"condition": "random_chance_with_looting",
					"chance": 0.025,
					"looting_multiplier": 0.01
				}
			],
			"rolls": 1,
			"entries": [
				{
					"type": "item",
					"name": "minecraft:player_head",
					"weight": 1,
					"functions": [
						{
							"function": "set_nbt",
							"tag": "{display:{Name:\"{\\\"translate\\\":\\\"item.cpp.clownfish_head\\\"}\"},SkullOwner:{Id:\"7b314fba-09ab-4ab6-b956-cec6a5fcbed5\",Properties:{textures:[{Value:\"eyJ0ZXh0dXJlcyI6eyJTS0lOIjp7InVybCI6Imh0dHA6Ly90ZXh0dXJlcy5taW5lY3JhZnQubmV0L3RleHR1cmUvMzZkMTQ5ZTRkNDk5OTI5NjcyZTI3Njg5NDllNjQ3Nzk1OWMyMWU2NTI1NDYxM2IzMjdiNTM4ZGYxZTRkZiJ9fX0=\"}]}}}"
						}
					]
				}
			]
		}
	]
}