{
	"display": {
		"icon": {
			"item": "minecraft:carved_pumpkin",
			"nbt":"{CustomModelData:12970213}"
		},
		"title":{
			"translate": "advancements.cpp.shining.title"
		},
		"description": {
			"translate": "advancements.cpp.shining.description"
		},
		"frame": "goal"
	},
	"parent": "cpp:sponge",
	"criteria": {
		"shining": {
			"trigger": "minecraft:player_killed_entity",
			"conditions": {
				"entity": {
					"type": "minecraft:vindicator"
				}
			}
		}
	},
	"rewards":{
		"experience": 100
	}
}