{
	"pools": [
		{
			"rolls": 1,
			"conditions": [
				{
					"condition": "random_chance",
					"chance": 0.05
				}
			],
			"entries": [
				{
					"type":"item",
					"name":"minecraft:white_wool"
				},
				{
					"type":"item",
					"name":"minecraft:orange_wool"
				},
				{
					"type":"item",
					"name":"minecraft:magenta_wool"
				},
				{
					"type":"item",
					"name":"minecraft:light_blue_wool"
				},
				{
					"type":"item",
					"name":"minecraft:yellow_wool"
				},
				{
					"type":"item",
					"name":"minecraft:lime_wool"
				},
				{
					"type":"item",
					"name":"minecraft:pink_wool"
				},
				{
					"type":"item",
					"name":"minecraft:gray_wool"
				},
				{
					"type":"item",
					"name":"minecraft:light_gray_wool"
				},
				{
					"type":"item",
					"name":"minecraft:cyan_wool"
				},
				{
					"type":"item",
					"name":"minecraft:purple_wool"
				},
				{
					"type":"item",
					"name":"minecraft:blue_wool"
				},
				{
					"type":"item",
					"name":"minecraft:brown_wool"
				},
				{
					"type":"item",
					"name":"minecraft:green_wool"
				},
				{
					"type":"item",
					"name":"minecraft:red_wool"
				},
				{
					"type":"item",
					"name":"minecraft:black_wool"			
				},
				{
					"type":"item",
					"name":"minecraft:cod",
					"functions": [
						{
							"function": "set_nbt",
							"tag": "{display:{Lore:[\"{\\\"text\\\":\\\"§r\\\"}\"]}}"
						}
					]
				},
				{
					"type":"item",
					"name":"minecraft:salmon",
					"functions": [
						{
							"function": "set_nbt",
							"tag": "{display:{Lore:[\"{\\\"text\\\":\\\"§r\\\"}\"]}}"
						}
					]
				}
			]
		},
		{
			"rolls": 1,
			"conditions": [
				{
					"condition": "random_chance",
					"chance": 0.005
				}
			],
			"entries": [
				{
					"type":"item",
					"name":"minecraft:white_wool",
					"functions": [
						{
							"function": "set_nbt",
							"tag":"{Tags:[\"cpp_generate_sheep\"]}"
						}
					]
				},
				{
					"type":"item",
					"name":"minecraft:orange_wool",
					"functions": [
						{
							"function": "set_nbt",
							"tag":"{Tags:[\"cpp_generate_sheep\"]}"
						}
					]
				},
				{
					"type":"item",
					"name":"minecraft:magenta_wool",
					"functions": [
						{
							"function": "set_nbt",
							"tag":"{Tags:[\"cpp_generate_sheep\"]}"
						}
					]
				},
				{
					"type":"item",
					"name":"minecraft:light_blue_wool",
					"functions": [
						{
							"function": "set_nbt",
							"tag":"{Tags:[\"cpp_generate_sheep\"]}"
						}
					]
				},
				{
					"type":"item",
					"name":"minecraft:yellow_wool",
					"functions": [
						{
							"function": "set_nbt",
							"tag":"{Tags:[\"cpp_generate_sheep\"]}"
						}
					]
				},
				{
					"type":"item",
					"name":"minecraft:lime_wool",
					"functions": [
						{
							"function": "set_nbt",
							"tag":"{Tags:[\"cpp_generate_sheep\"]}"
						}
					]
				},
				{
					"type":"item",
					"name":"minecraft:pink_wool",
					"functions": [
						{
							"function": "set_nbt",
							"tag":"{Tags:[\"cpp_generate_sheep\"]}"
						}
					]
				},
				{
					"type":"item",
					"name":"minecraft:gray_wool",
					"functions": [
						{
							"function": "set_nbt",
							"tag":"{Tags:[\"cpp_generate_sheep\"]}"
						}
					]
				},
				{
					"type":"item",
					"name":"minecraft:light_gray_wool",
					"functions": [
						{
							"function": "set_nbt",
							"tag":"{Tags:[\"cpp_generate_sheep\"]}"
						}
					]
				},
				{
					"type":"item",
					"name":"minecraft:cyan_wool",
					"functions": [
						{
							"function": "set_nbt",
							"tag":"{Tags:[\"cpp_generate_sheep\"]}"
						}
					]
				},
				{
					"type":"item",
					"name":"minecraft:purple_wool",
					"functions": [
						{
							"function": "set_nbt",
							"tag":"{Tags:[\"cpp_generate_sheep\"]}"
						}
					]
				},
				{
					"type":"item",
					"name":"minecraft:blue_wool",
					"functions": [
						{
							"function": "set_nbt",
							"tag":"{Tags:[\"cpp_generate_sheep\"]}"
						}
					]
				},
				{
					"type":"item",
					"name":"minecraft:brown_wool",
					"functions": [
						{
							"function": "set_nbt",
							"tag":"{Tags:[\"cpp_generate_sheep\"]}"
						}
					]
				},
				{
					"type":"item",
					"name":"minecraft:green_wool",
					"functions": [
						{
							"function": "set_nbt",
							"tag":"{Tags:[\"cpp_generate_sheep\"]}"
						}
					]
				},
				{
					"type":"item",
					"name":"minecraft:red_wool",
					"functions": [
						{
							"function": "set_nbt",
							"tag":"{Tags:[\"cpp_generate_sheep\"]}"
						}
					]
				},
				{
					"type":"item",
					"name":"minecraft:black_wool",
					"functions": [
						{
							"function": "set_nbt",
							"tag":"{Tags:[\"cpp_generate_sheep\"]}"
						}
					]			
				}
			]
		}
	]
}