{
	"pools": [
		{
			"rolls": 1,
			"entries": [
				{
					"type": "item",
					"name": "minecraft:bone",
					"weight": 1,
					"functions": [
						{
							"function": "set_count",
							"count": {
								"min": 0,
								"max": 2
							}
						},
						{
							"function": "looting_enchant",
							"count": {
								"min": 0,
								"max": 1
							}
						}
					]
				}
			]
		},
		{
			"conditions": [
				{
					"condition": "killed_by_player"
				},
				{
					"condition": "random_chance_with_looting",
					"chance": 0.025,
					"looting_multiplier": 0.01
				}
			],
			"rolls": 1,
			"entries": [
				{
					"type": "item",
					"name": "minecraft:wooden_sword",
					"weight": 1,
					"functions": [
						{
							"function": "set_nbt",
							"tag": "{Damage:4,Unbreakable:1b,HideFlags:63,isRareDrops:1b,id:\"cpp:soul_of_dirt\",display:{Name:\"{\\\"translate\\\":\\\"item.cpp.soul_of_dirt\\\"}\"}}"
						}
					]
				}
			]
		},
		{
			"conditions": [
				{
					"condition": "killed_by_player"
				},
				{
					"condition": "random_chance_with_looting",
					"chance": 0.025,
					"looting_multiplier": 0.01
				}
			],
			"rolls": 1,
			"entries": [
				{
					"type": "item",
					"name": "minecraft:player_head",
					"weight": 1,
					"functions": [
						{
							"function": "set_nbt",
							"tag": "{display:{Name:\"{\\\"translate\\\":\\\"item.cpp.skeleton_horse_skull\\\"}\"},SkullOwner:{Id:\"bcbce5bf-86c4-4e62-9fc5-0cc90de94b6d\",Properties:{textures:[{Value:\"eyJ0ZXh0dXJlcyI6eyJTS0lOIjp7InVybCI6Imh0dHA6Ly90ZXh0dXJlcy5taW5lY3JhZnQubmV0L3RleHR1cmUvNDdlZmZjZTM1MTMyYzg2ZmY3MmJjYWU3N2RmYmIxZDIyNTg3ZTk0ZGYzY2JjMjU3MGVkMTdjZjg5NzNhIn19fQ==\"}]}}}"
						}
					]
				}
			]
		}
	]
}