{
	"type": "minecraft:block",
	"pools": [
		{
			"rolls": 1,
			"entries": [
				{
					"type": "minecraft:item",
					"conditions": [
						{
							"condition": "minecraft:survives_explosion"
						},
						{
							"condition": "minecraft:random_chance",
							"chance": 0.1
						}
					],
					"name": "minecraft:string"
				}
			],
			"conditions": [
				{
					"condition": "minecraft:inverted",
					"term": {
						"condition": "minecraft:alternative",
						"terms": [
							{
								"condition": "minecraft:match_tool",
								"predicate": {
									"item": "minecraft:shears"
								}
							},
							{
								"condition": "minecraft:match_tool",
								"predicate": {
									"enchantments": [
										{
											"enchantment": "minecraft:silk_touch"
										}
									]
								}
							}
						]
					}
				}
			]
		},
		{
			"rolls": 1,
			"entries": [
				{
					"type": "minecraft:item",
					"conditions": [
						{
							"condition": "minecraft:survives_explosion"
						},
						{
							"condition": "minecraft:random_chance",
							"chance": 0.1
						}
					],
					"name": "minecraft:bone_meal"
				}
			],
			"conditions": [
				{
					"condition": "minecraft:inverted",
					"term": {
						"condition": "minecraft:alternative",
						"terms": [
							{
								"condition": "minecraft:match_tool",
								"predicate": {
									"item": "minecraft:shears"
								}
							},
							{
								"condition": "minecraft:match_tool",
								"predicate": {
									"enchantments": [
										{
											"enchantment": "minecraft:silk_touch"
										}
									]
								}
							}
						]
					}
				}
			]
		}
	]
}