{
	"pools": [
		{
			"rolls": 1,
			"entries": [
				{
					"type": "item",
					"name": "minecraft:wheat_seeds",
					"weight": 50,
					"functions": [
						{
							"function": "set_nbt",
							"tag": "{Tags:[\"cpp_dead\"]}"
						}
					]
				},
				{
					"type": "item",
					"name": "minecraft:wheat_seeds",
					"weight": 50,
					"functions": [
						{
							"function": "set_nbt",
							"tag": "{Tags:[\"cpp_dead\",\"cpp_wool_tree\"]}"
						}
					]
				},
				{
					"type": "item",
					"name": "minecraft:wheat_seeds",
					"weight": 1,
					"functions": [
						{
							"function": "set_nbt",
							"tag": "{Tags:[\"cpp_dead\",\"cpp_creeper_dungeon\"]}"
						}
					]
				},
				{
					"type": "item",
					"name": "minecraft:wheat_seeds",
					"weight": 1,
					"functions": [
						{
							"function": "set_nbt",
							"tag": "{Tags:[\"cpp_dead\",\"cpp_enchanting_room\"]}"
						}
					]
				},
				{
					"type": "item",
					"name": "minecraft:wheat_seeds",
					"weight": 1,
					"functions": [
						{
							"function": "set_nbt",
							"tag": "{Tags:[\"cpp_dead\",\"cpp_totem_pillar\"]}"
						}
					]
				}
			]
		}
	]
}
