{
  "parent": "cpp:recipes/root",
  "rewards": {
    "recipes": [
      "cpp:jungle_planks_from_slabs"
    ]
  },
  "criteria": {
    "has_log2": {
      "trigger": "minecraft:inventory_changed",
      "conditions": {
        "items": [
          {
            "item": "minecraft:jungle_slab"
          }
        ]
      }
    },
    "has_the_recipe": {
      "trigger": "minecraft:recipe_unlocked",
      "conditions": {
        "recipe": "jungle_planks_from_slabs"
      }
    }
  },
  "requirements": [
    [
      "has_log2",
      "has_the_recipe"
    ]
  ]
}