{
	"parent": "minecraft:recipes/root",
	"rewards": {
		"recipes": [
			"minecraft:rabbit_stew_from_brown_mushroom"
		]
	},
	"criteria": {
		"has_rabbit_stew": {
			"trigger": "minecraft:inventory_changed",
			"conditions": {
				"items": [
					{
						"item": "minecraft:rabbit_stew"
					}
				]
			}
		},
		"has_the_recipe": {
			"trigger": "minecraft:recipe_unlocked",
			"conditions": {
				"recipe": "minecraft:rabbit_stew_from_brown_mushroom"
			}
		}
	},
	"requirements": [
		[
			"has_rabbit_stew",
			"has_the_recipe"
		]
	]
}