{
    "display": {
        "icon": {
            "item": "minecraft:iron_axe"
        },
        "title":{
            "translate": "cpp.advancements.shining.title"
		},
        "description": {
            "translate": "cpp.advancements.shining.description"
		},
        "frame": "goal"
    },
    "parent": "cpp:sponge",
    "criteria": {
        "shining": {
            "trigger": "minecraft:player_killed_entity",
            "conditions": {
                "entity": {
					"type": "minecraft:vindication_illager"
                }
            }
        }
    },
	"rewards":{
		"experience": 100
	}
}