{
    "display": {
        "icon": {
            "item": "minecraft:experience_bottle"
        },
        "title":{
            "translate": "cpp.advancements.xp_bottle.title"
		},
        "description": {
            "translate": "cpp.advancements.xp_bottle.description"
		}
    },
    "parent": "cpp:element",
    "criteria": {
        "xp_bottle": {
			"trigger": "minecraft:inventory_changed",
			"conditions": {
				"items": [
					{
						"item": "minecraft:experience_bottle"
					}
				]
			}
        }
    }
}