{
	"type": "minecraft:block",
	"pools": [
		{
			"rolls": 1,
			"entries": [
				{
					"type": "minecraft:alternatives",
					"children": [
						{
							"type": "minecraft:item",
							"conditions": [
								{
									"condition": "minecraft:match_tool",
									"predicate": {
										"item": "minecraft:shears"
									}
								}
							],
							"name": "minecraft:seagrass"
						},
						{
							"type": "minecraft:item",
							"conditions": [
								{
									"condition": "minecraft:random_chance",
									"chance": 0.05
								}
							],
							"name": "minecraft:kelp"
						}
					]
				}
			]
		}
	]
}