{
	"pools": [
		{
			"rolls": 1, 
			"entries": [
				{
					"type": "item", 
					"name": "minecraft:lapis_block",
					"weight": 1,
					"functions": [
						{
							"function": "set_count", 
							"count": {
								"min": 1,
								"max": 2
							}
						}
					]
				}
			]
		},
		{
			"rolls": 1,
			"entries": [
				{
					"type": "item", 
					"name": "minecraft:redstone", 
					"weight": 1,
					"functions": [
						{
							"function": "set_count", 
							"count": {
								"min": 0,
								"max": 2
							}
						}
					]
				}
			]
		}
	]
}
