{
	"type": "minecraft:block",
	"pools": [
		{
			"rolls": 1,
			"entries": [
				{
					"type": "minecraft:alternatives",
					"children": [
						{
							"type": "minecraft:item",
							"conditions": [
								{
									"condition": "minecraft:match_tool",
									"predicate": {
										"nbt":"{id:\"cpp:grafter\"}"
									}
								}
							],
							"name": "minecraft:oak_sapling"
						},
						{
							"type": "minecraft:item",
							"conditions": [
								{
									"condition": "minecraft:alternative",
									"terms": [
										{
											"condition": "minecraft:match_tool",
											"predicate": {
												"item": "minecraft:shears"
											}
										},
										{
											"condition": "minecraft:match_tool",
											"predicate": {
												"enchantments": [
													{
														"enchantment": "minecraft:silk_touch",
														"levels": {
															"min": 1
														}
													}
												]
											}
										}
									]
								}
							],
							"name": "minecraft:oak_leaves"
						},
						{
							"type": "minecraft:item",
							"conditions": [
								{
									"condition": "minecraft:survives_explosion"
								},
								{
									"condition": "minecraft:table_bonus",
									"enchantment": "minecraft:fortune",
									"chances": [
										0.05,
										0.0625,
										0.083333336,
										0.1
									]
								}
							],
							"name": "minecraft:oak_sapling"
						}
					]
				}
			]
		},
		{
			"rolls": 1,
			"entries": [
				{
					"type": "minecraft:item",
					"conditions": [
						{
							"condition": "minecraft:table_bonus",
							"enchantment": "minecraft:fortune",
							"chances": [
								0.02,
								0.022222223,
								0.025,
								0.033333335,
								0.1
							]
						}
					],
					"functions": [
						{
							"function": "minecraft:set_count",
							"count": {
								"min": 1.0,
								"max": 2.0,
								"type": "minecraft:uniform"
							}
						},
						{
							"function": "minecraft:explosion_decay"
						}
					],
					"name": "minecraft:stick"
				}
			],
			"conditions": [
				{
					"condition": "minecraft:inverted",
					"term": {
						"condition": "minecraft:alternative",
						"terms": [
							{
								"condition": "minecraft:match_tool",
								"predicate": {
									"item": "minecraft:shears"
								}
							},
							{
								"condition": "minecraft:match_tool",
								"predicate": {
									"enchantments": [
										{
											"enchantment": "minecraft:silk_touch",
											"levels": {
												"min": 1
											}
										}
									]
								}
							}
						]
					}
				}
			]
		},
		{
			"rolls": 1,
			"entries": [
				{
					"type": "minecraft:item",
					"conditions": [
						{
							"condition": "minecraft:survives_explosion"
						},
						{
							"condition": "minecraft:table_bonus",
							"enchantment": "minecraft:fortune",
							"chances": [
								0.005,
								0.0055555557,
								0.00625,
								0.008333334,
								0.025
							]
						}
					],
					"name": "minecraft:apple",
					"functions": [
						{
							"function": "set_nbt",
							"tag": "{display:{Lore:[\"{\\\"text\\\":\\\"§r\\\"}\"]}}"
						}
					]
				}
			],
			"conditions": [
				{
					"condition": "minecraft:inverted",
					"term": {
						"condition": "minecraft:alternative",
						"terms": [
							{
								"condition": "minecraft:match_tool",
								"predicate": {
									"item": "minecraft:shears"
								}
							},
							{
								"condition": "minecraft:match_tool",
								"predicate": {
									"enchantments": [
										{
											"enchantment": "minecraft:silk_touch",
											"levels": {
												"min": 1
											}
										}
									]
								}
							}
						]
					}
				}
			]
		}
	]
}