{
	"pools": [
		{
			"rolls": 1,
			"entries": [
				{
					"type": "item",
					"name": "minecraft:diamond_sword",
					"weight": 1,
					"functions": [
						{
							"function": "enchant_with_levels",
							"treasure": true,
							"levels": {
								"min": 30,
								"max": 39
							}
						}
					]
				},
				{
					"type": "item",
					"name": "minecraft:diamond_boots",
					"weight": 1,
					"functions": [
						{
							"function": "enchant_with_levels",
							"treasure": true,
							"levels": {
								"min": 30,
								"max": 39
							}
						}
					]
				},
				{
					"type": "item",
					"name": "minecraft:diamond_chestplate",
					"weight": 1,
					"functions": [
						{
							"function": "enchant_with_levels",
							"treasure": true,
							"levels": {
								"min": 30,
								"max": 39
							}
						}
					]
				},
				{
					"type": "item",
					"name": "minecraft:diamond_leggings",
					"weight": 1,
					"functions": [
						{
							"function": "enchant_with_levels",
							"treasure": true,
							"levels": {
								"min": 30,
								"max": 39
							}
						}
					]
				},
				{
					"type": "item",
					"name": "minecraft:diamond_helmet",
					"weight": 1,
					"functions": [
						{
							"function": "enchant_with_levels",
							"treasure": true,
							"levels": {
								"min": 30,
								"max": 39
							}
						}
					]
				},
				{
					"type": "item",
					"name": "minecraft:diamond_pickaxe",
					"weight": 1,
					"functions": [
						{
							"function": "enchant_with_levels",
							"treasure": true,
							"levels": {
								"min": 30,
								"max": 39
							}
						}
					]
				},
				{
					"type": "item",
					"name": "minecraft:diamond_shovel",
					"weight": 1,
					"functions": [
						{
							"function": "enchant_with_levels",
							"treasure": true,
							"levels": {
								"min": 30,
								"max": 39
							}
						}
					]
				},
				{
					"type": "item",
					"name": "minecraft:diamond_axe",
					"weight": 1,
					"functions": [
						{
							"function": "enchant_with_levels",
							"treasure": true,
							"levels": {
								"min": 30,
								"max": 39
							}
						}
					]
				},
				{
					"type": "item",
					"name": "minecraft:diamond",
					"weight": 5,
					"functions": [
						{
							"function": "set_count",
							"count": {
								"min": 1,
								"max": 5
							}
						}
					]
				},
				{
					"type": "item",
					"name": "minecraft:emerald",
					"weight": 10,
					"functions": [
						{
							"function": "set_count",
							"count": {
								"min": 2,
								"max": 10
							}
						}
					]
				},
				{
					"type": "item",
					"name": "minecraft:gold_ingot",
					"weight": 10,
					"functions": [
						{
							"function": "set_count",
							"count": {
								"min": 2,
								"max": 10
							}
						}
					]
				},
				{
					"type": "item",
					"name": "minecraft:iron_ingot",
					"weight": 15,
					"functions": [
						{
							"function": "set_count",
							"count": {
								"min": 4,
								"max": 20
							}
						}
					]
				},
				{
					"type": "item",
					"name": "minecraft:coal",
					"weight": 10,
					"functions": [
						{
							"function": "set_count",
							"count": {
								"min": 4,
								"max": 20
							}
						}
					]
				},
				{
					"type": "item",
					"name": "minecraft:lapis_lazuli",
					"weight": 10,
					"functions": [
						{
							"function": "set_count",
							"count": {
								"min": 4,
								"max": 20
							}
						}
					]
				},
				{
					"type": "item",
					"name": "minecraft:redstone",
					"weight": 10,
					"functions": [
						{
							"function": "set_count",
							"count": {
								"min": 4,
								"max": 20
							}
						}
					]
				},
				{
					"type": "item",
					"name": "minecraft:elytra",
					"weight": 1
				},
				{
					"type": "item",
					"name": "minecraft:iron_horse_armor",
					"weight": 3
				},
				{
					"type": "item",
					"name": "minecraft:golden_horse_armor",
					"weight": 3
				},
				{
					"type": "item",
					"name": "minecraft:diamond_horse_armor",
					"weight": 3
				},
				{
					"type": "loot_table",
					"name": "cpp:chests/santa_gift_seeds",
					"weight": 5
				},
				{
					"type": "item",
					"name": "minecraft:golden_apple",
					"weight": 5,
					"functions": [
						{
							"function": "set_count",
							"count": {
								"min": 3,
								"max": 5
							}
						}
					]
				},
				{
					"type": "item",
					"name": "minecraft:enchanted_golden_apple",
					"weight": 5,
					"functions": [
						{
							"function": "set_count",
							"count": {
								"min": 1,
								"max": 3
							}
						}
					]
				}
			]
		}
	]
}