{
	"pools": [
		{
			"rolls": 1.0,
			"entries": [
				{
					"type": "minecraft:item",
					"name": "minecraft:beetroot"
				}
			]
		},
		{
			"rolls": 1.0,
			"entries": [
				{
					"type": "minecraft:item",
					"name": "minecraft:beetroot_seeds",
					"functions": [
						{
							"function": "minecraft:set_count",
							"count": {
								"min": 0,
								"max": 1
							}
						}
					]
				}
			]
		},
		{
			"rolls": 1.0,
			"conditions": [
				{
					"condition": "minecraft:block_state_property",
					"block": "minecraft:wheat",
					"properties": {
						"age": "7"
					}
				},
				{
					"condition": "minecraft:random_chance",
					"chance": 0.05
				}
			],
			"entries": [
				{
					"type": "minecraft:loot_table",
					"name": "cpp:lycoris_radiata_seeds"
				},
				{
					"type": "minecraft:loot_table",
					"name": "cpp:blackthorn_seeds"
				},
				{
					"type": "minecraft:loot_table",
					"name": "cpp:cattail_seeds"
				}
			]
		}
	]
}