{
	"pools": [
		{
			"rolls": 1,
			"entries": [
				{
					"type": "minecraft:item",
					"name": "minecraft:carrot",
					"functions": [
						{
							"function": "minecraft:set_count",
							"count": {
								"min": 1,
								"max": 3
							}
						}
					]
				}
			]
		},
		{
			"rolls": 1,
			"conditions": [
				{
					"condition": "minecraft:block_state_property",
					"block": "minecraft:wheat",
					"properties": {
						"age": "7"
					}
				},
				{
					"condition": "minecraft:random_chance",
					"chance": 0.05
				}
			],
			"entries": [
				{
					"type": "minecraft:loot_table",
					"name": "cpp:blackthorn_seeds"
				},
				{
					"type": "minecraft:loot_table",
					"name": "cpp:marigold_seeds"
				},
				{
					"type": "minecraft:loot_table",
					"name": "cpp:hibiscus_seeds"
				}
			]
		}
	]
}