{
	"pools": [
		{
			"rolls": 1,
			"entries": [
				{
					"type": "item",
					"name": "minecraft:carrot_on_a_stick",
					"functions": [
						{
							"function": "set_nbt",
							"tag": "{display:{Name:\"{\\\"translate\\\":\\\"item.cpp.golem_farmer\\\"}\"},id:\"cpp:golem_farmer\",CustomModelData:12970021,Enchantments:[]}"
						},
						{
							"function": "minecraft:copy_nbt",
							"source": "this",
							"ops": [
								{
									"source": "HandItems[0].tag.Enchantments",
									"target": "Enchantments",
									"op": "replace"
								},
								{
									"source": "HandItems[0]",
									"target": "StoredTool",
									"op": "replace"
								}
							]
						}
					]
				}
			]
		}
	]
}