{
	"pools": [
		{
			"rolls": 1,
			"entries": [
				{
					"type": "minecraft:item",
					"name": "minecraft:carved_pumpkin",
					"functions": [
						{
							"function": "minecraft:set_nbt",
							"tag": "{display:{Name:'{\"translate\":\"item.cpp.black_hat\"}'},id:'cpp:black_hat',CustomModelData:12970121,cppHatSlot:'hand'}"
						},
						{
							"function": "minecraft:set_attributes",
							"modifiers": [
								{
									"name": "head_luck",
									"attribute": "generic.luck",
									"operation": "addition",
									"amount": -1,
									"slot": "head"
								}
							]
						}
					]
				}
			]
		}
	]
}