{
	"pools": [
		{
			"conditions": [
				{
					"condition": "entity_properties",
					"entity": "this",
					"properties": {
						"on_fire": false
					}
				}
			],
			"rolls": 1,
			"entries": [
				{
					"type": "item",
					"name": "minecraft:feather",
					"weight": 1,
					"functions": [
						{
							"function": "set_count",
							"count": {
								"min": 0,
								"max": 2
							}
						},
						{
							"function": "looting_enchant",
							"count": {
								"min": 0,
								"max": 1
							}
						}
					]
				}
			]
		},
		{
			"rolls": 1,
			"entries": [
				{
					"type": "item",
					"name": "minecraft:string",
					"weight": 1,
					"functions": [
						{
							"function": "set_count",
							"count": {
								"min": 0,
								"max": 2
							}
						},
						{
							"function": "looting_enchant",
							"count": {
								"min": 0,
								"max": 1
							}
						}
					]
				}
			]
		},
		{
			"conditions": [
				{
					"condition": "killed_by_player"
				},
				{
					"condition": "random_chance_with_looting",
					"chance": 0.5,
					"looting_multiplier": 0.1
				}
			],
			"rolls": 1,
			"entries": [
				{
					"type": "item",
					"name": "minecraft:player_head",
					"weight": 1,
					"functions": [
						{
							"function": "set_nbt",
							"tag": "{display:{Name:\"{\\\"translate\\\":\\\"item.cpp.chicken_head\\\"}\"},SkullOwner:{Id:\"7d3a8ace-e045-4eba-ab71-71dbf525daf1\",Properties:{textures:[{Value:\"eyJ0ZXh0dXJlcyI6eyJTS0lOIjp7InVybCI6Imh0dHA6Ly90ZXh0dXJlcy5taW5lY3JhZnQubmV0L3RleHR1cmUvMTYzODQ2OWE1OTljZWVmNzIwNzUzNzYwMzI0OGE5YWIxMWZmNTkxZmQzNzhiZWE0NzM1YjM0NmE3ZmFlODkzIn19fQ==\"}]}}}"
						}
					]
				}
			]
		},
		{
			"conditions": [
				{
					"condition": "killed_by_player"
				},
				{
					"condition": "random_chance_with_looting",
					"chance": 0.025,
					"looting_multiplier": 0.01
				}
			],
			"rolls": 1,
			"entries": [
				{
					"type": "item",
					"name": "minecraft:wooden_sword",
					"weight": 1,
					"functions": [
						{
							"function": "set_nbt",
							"tag": "{display:{Name:\"{\\\"translate\\\":\\\"item.cpp.shard_of_the_darkness\\\"}\"},id:\"cpp:shard_of_the_darkness\",Damage:18,Unbreakable:1b,HideFlags:63}"
						}
					]
				}
			]
		}
	]
}