{
    "pools": [
        {
            "rolls": 1,
            "entries": [
                {
                    "type": "item",
                    "name": "minecraft:rotten_flesh",
                    "weight": 1,
                    "functions": [
                        {
                            "function": "set_count",
                            "count": {
                                "min": 0,
                                "max": 2
                            }
                        },
                        {
                            "function": "looting_enchant",
                            "count": {
                                "min": 0,
                                "max": 1
                            }
                        }
                    ]
                }
            ]
        },
        {
            "conditions": [
                {
                    "condition": "killed_by_player"
                },
                {
                    "condition": "random_chance_with_looting",
                    "chance": 0.05,
                    "looting_multiplier": 0.01
                }
            ],
            "rolls": 1,
            "entries": [
                {
                    "type": "item",
                    "name": "minecraft:trident",
                    "weight": 1
                },
                {
                    "type": "item",
                    "name": "minecraft:gold_ingot",
                    "weight": 1
                }
            ]
        },
        {
            "conditions": [
                {
                    "condition": "killed_by_player"
                },
                {
                    "condition": "random_chance_with_looting",
                    "chance": 0.025,
                    "looting_multiplier": 0.01
                }
            ],
            "rolls": 1,
            "entries": [
                {
                    "type": "item",
                    "name": "minecraft:poisonous_potato",
                    "weight": 1,
                    "functions": [
						{
							"function": "set_nbt",
							"tag": "{isDrop:1b,id:\"cpp:soul_of_undead\",display:{Name:\"{\\\"translate\\\":\\\"item.cpp.soul_of_undead\\\"}\"},HideFlags:63,ench:[{}]}"
						}
                    ]
                }
			]
		}
    ]
}