{
	"pools": [
        {
            "conditions": [
                {
                    "condition": "killed_by_player"
                },
                {
                    "condition": "random_chance_with_looting",
                    "chance": 0.025,
                    "looting_multiplier": 0.01
                }
            ],
            "rolls": 1,
            "entries": [
                {
                    "type": "item",
                    "name": "minecraft:rabbit_foot",
                    "weight": 1,
                    "functions": [
						{
							"function": "set_nbt",
							"tag": "{isDrop:1b,id:\"cpp:arm_of_mob\",display:{Name:\"{\\\"translate\\\":\\\"item.cpp.arm_of_mob\\\"}\"},HideFlags:63,ench:[{}]}"
						}
                    ]
                },
                {
                    "type": "item",
                    "name": "minecraft:ender_pearl",
                    "weight": 1,
                    "functions": [
						{
							"function": "set_nbt",
							"tag": "{isDrop:1b,id:\"cpp:spirit_of_ender\",display:{Name:\"{\\\"translate\\\":\\\"item.cpp.spirit_of_ender\\\"}\"},HideFlags:63,ench:[{}]}"
						}
                    ]
                }
            ]
        }
    ]
}