{
    "pools": [
        {
            "conditions": [
				{
					"condition": "entity_properties",
					"entity": "this",
					"properties": {
						"on_fire": false
					}
				},
                {
                    "condition": "killed_by_player"
                },
                {
                    "condition": "random_chance_with_looting",
                    "chance": 0.025,
                    "looting_multiplier": 0.01
                }
            ],
            "rolls": 1,
            "entries": [
                {
                    "type": "item",
                    "name": "minecraft:feather",
                    "weight": 1,
                    "functions": [
						{
							"function": "set_nbt",
							"tag": "{isDrop:1b,id:\"cpp:wing_of_fly\",display:{Name:\"{\\\"translate\\\":\\\"item.cpp.wing_of_fly\\\"}\"},HideFlags:63,ench:[{}]}"
						}
                    ]
                }
			]
		},
        {
            "conditions": [
                {
                    "condition": "killed_by_player"
                },
                {
                    "condition": "random_chance_with_looting",
                    "chance": 0.025,
                    "looting_multiplier": 0.01
                }
            ],
            "rolls": 1,
            "entries": [
                {
                    "type": "item",
                    "name": "minecraft:player_head",
                    "weight": 1,
                    "functions": [
						{
							"function": "set_nbt",
							"tag": "{display:{Name:\"{\\\"translate\\\":\\\"item.cpp.vex_head\\\"}\"},SkullOwner:{Id:\"f6e25015-1a90-46eb-88b7-ce3f14bf00d4\",Properties:{textures:[{Value:\"eyJ0ZXh0dXJlcyI6eyJTS0lOIjp7InVybCI6Imh0dHA6Ly90ZXh0dXJlcy5taW5lY3JhZnQubmV0L3RleHR1cmUvYzJlYzVhNTE2NjE3ZmYxNTczY2QyZjlkNWYzOTY5ZjU2ZDU1NzVjNGZmNGVmZWZhYmQyYTE4ZGM3YWI5OGNkIn19fQ==\"}]}}}"
						}
                    ]
                }
            ]
        }
    ]
}