{
	"parent": "cpp:others/root",
    "criteria":{
        "desert":{"trigger":"minecraft:location","conditions": {"biome": "desert"}},
        "desert_hills":{"trigger":"minecraft:location","conditions": {"biome": "desert_hills"}},
        "mutated_desert":{"trigger":"minecraft:location","conditions": {"biome": "mutated_desert"}},
        "mesa":{"trigger":"minecraft:location","conditions": {"biome": "mesa"}},
        "mesa_rock":{"trigger":"minecraft:location","conditions": {"biome": "mesa_rock"}},
        "mesa_clear_rock":{"trigger":"minecraft:location","conditions": {"biome": "mesa_clear_rock"}},
        "mutated_mesa":{"trigger":"minecraft:location","conditions": {"biome": "mutated_mesa"}},
        "mutated_mesa_rock":{"trigger":"minecraft:location","conditions": {"biome": "mutated_mesa_rock"}},
        "mutated_mesa_clear_rock":{"trigger":"minecraft:location","conditions": {"biome": "mutated_mesa_clear_rock"}},
        "roofed_forest":{"trigger":"minecraft:location","conditions": {"biome": "roofed_forest"}}
    },
	"requirements":[[
		"desert",
		"desert_hills",
		"mutated_desert",
		"mesa",
		"mesa_rock",
		"mesa_clear_rock",
		"mutated_mesa",
		"mutated_mesa_rock",
		"mutated_mesa_clear_rock",
		"roofed_forest"
	]],
    "rewards":{
        "function":"cpp:generate/creeper_dungeon"
    }
}
