{
	"parent": "cpp:others/root",
    "criteria":{
        "plains":{"trigger":"minecraft:location","conditions": {"biome": "plains"}},
        "forest":{"trigger":"minecraft:location","conditions": {"biome": "forest"}},
        "forest_hills":{"trigger":"minecraft:location","conditions": {"biome": "forest_hills"}},
        "taiga":{"trigger":"minecraft:location","conditions": {"biome": "taiga"}},
        "taiga_hills":{"trigger":"minecraft:location","conditions": {"biome": "taiga_hills"}},
        "jungle":{"trigger":"minecraft:location","conditions": {"biome": "jungle"}},
        "jungle_hills":{"trigger":"minecraft:location","conditions": {"biome": "jungle_hills"}}	
    },
	"requirements":[[
		"plains",
		"forest",
		"forest_hills",
		"taiga",
		"taiga_hills",
		"jungle",
		"jungle_hills"
	]],
    "rewards":{
        "function":"cpp:generate/trees"
    }
}