{
	"criteria": {
		"iron_door": {
			"trigger": "minecraft:inventory_changed",
			"conditions": {
				"items": [
					{
						"item": "minecraft:iron_door"
					}
				]
			}
		},
		"iron_trapdoor": {
			"trigger": "minecraft:inventory_changed",
			"conditions": {
				"items": [
					{
						"item": "minecraft:iron_trapdoor"
					}
				]
			}
		},
		"has_the_recipe": {
			"trigger": "minecraft:recipe_unlocked",
			"conditions": {
				"recipe": "cpp:decomposition/iron_from_iron_doors"
			}
		}
	},
	"rewards":{
		"recipes": ["cpp:decomposition/iron_from_iron_doors"]
	},
	"requirements": [
		[
			"iron_door",
			"iron_trapdoor",
			"has_the_recipe"
		]
	]
}