{
	"pools": [
		{
			"rolls": 1,
			"entries": [
				{
					"type": "item",
					"name": "minecraft:string",
					"weight": 1,
					"functions": [
						{
							"function": "set_count",
							"count": {
								"min": 0,
								"max": 2
							}
						},
						{
							"function": "looting_enchant",
							"count": {
								"min": 0,
								"max": 1
							}
						}
					]
				}
			]
		},
		{
			"rolls": 1,
			"entries": [
				{
					"type": "item",
					"name": "minecraft:spider_eye",
					"weight": 1,
					"functions": [
						{
							"function": "set_count",
							"count": {
								"min": -1,
								"max": 1
							}
						},
						{
							"function": "looting_enchant",
							"count": {
								"min": 0,
								"max": 1
							}
						}
					]
				}
			],
			"conditions": [
				{
					"condition": "killed_by_player"
				}
			]
		},
		{
			"conditions": [
				{
					"condition": "killed_by_player"
				},
				{
					"condition": "random_chance_with_looting",
					"chance": 0.025,
					"looting_multiplier": 0.01
				}
			],
			"rolls": 1,
			"entries": [
				{
					"type": "item",
					"name": "minecraft:player_head",
					"weight": 1,
					"functions": [
						{
							"function": "set_nbt",
							"tag": "{display:{Name:\"{\\\"translate\\\":\\\"item.cpp.spider_head\\\"}\"},SkullOwner:{Id:\"8bdb71d0-4724-48b2-9344-e79480424798\",Properties:{textures:[{Value:\"eyJ0ZXh0dXJlcyI6eyJTS0lOIjp7InVybCI6Imh0dHA6Ly90ZXh0dXJlcy5taW5lY3JhZnQubmV0L3RleHR1cmUvY2Q1NDE1NDFkYWFmZjUwODk2Y2QyNThiZGJkZDRjZjgwYzNiYTgxNjczNTcyNjA3OGJmZTM5MzkyN2U1N2YxIn19fQ==\"}]}}}"
						}
					]
				}
			]
		}
	]
}