{
	"pools": [
		{
			"rolls": 1,
			"entries": [
				{
					"type": "item",
					"name": "minecraft:rotten_flesh",
					"weight": 1,
					"functions": [
						{
							"function": "set_count",
							"count": {
								"min": 0,
								"max": 2
							}
						},
						{
							"function": "looting_enchant",
							"count": {
								"min": 0,
								"max": 1
							}
						}
					]
				}
			]
		},
		{
			"conditions": [
				{
					"condition": "killed_by_player"
				},
				{
					"condition": "random_chance_with_looting",
					"chance": 0.025,
					"looting_multiplier": 0.01
				}
			],
			"rolls": 1,
			"entries": [
				{
					"type": "item",
					"name": "minecraft:iron_ingot",
					"weight": 1
				},
				{
					"type": "item",
					"name": "minecraft:carrot",
					"weight": 1
				},
				{
					"type": "item",
					"name": "minecraft:potato",
					"weight": 1
				}
			]
		},
		{
			"conditions": [
				{
					"condition": "killed_by_player"
				},
				{
					"condition": "random_chance_with_looting",
					"chance": 0.025,
					"looting_multiplier": 0.01
				}
			],
			"rolls": 1,
			"entries": [
				{
					"type": "item",
					"name": "minecraft:wooden_sword",
					"weight": 1,
					"functions": [
						{
							"function": "set_nbt",
							"tag": "{Damage:4,Unbreakable:1b,HideFlags:63,isRareDrops:1b,id:\"cpp:soul_of_dirt\",display:{Name:\"{\\\"translate\\\":\\\"item.cpp.soul_of_dirt\\\"}\"}}"
						}
					]
				},
				{
					"type": "item",
					"name": "minecraft:wooden_sword",
					"weight": 1,
					"functions": [
						{
							"function": "set_nbt",
							"tag": "{Damage:5,Unbreakable:1b,HideFlags:63,isRareDrops:1b,id:\"cpp:certification_of_earth\",display:{Name:\"{\\\"translate\\\":\\\"item.cpp.certification_of_earth\\\"}\"}}"
						}
					]
				}
			]
		},
		{
			"conditions": [
				{
					"condition": "killed_by_player"
				},
				{
					"condition": "random_chance_with_looting",
					"chance": 0.025,
					"looting_multiplier": 0.01
				}
			],
			"rolls": 1,
			"entries": [
				{
					"type": "item",
					"name": "minecraft:player_head",
					"weight": 1,
					"functions": [
						{
							"function": "set_nbt",
							"tag": "{display:{Name:\"{\\\"translate\\\":\\\"item.cpp.zombie_villager_head\\\"}\"},SkullOwner:{Id:\"bcaf2b85-d421-47cc-a40a-455e77bfb60b\",Properties:{textures:[{Value:\"eyJ0ZXh0dXJlcyI6eyJTS0lOIjp7InVybCI6Imh0dHA6Ly90ZXh0dXJlcy5taW5lY3JhZnQubmV0L3RleHR1cmUvMzdlODM4Y2NjMjY3NzZhMjE3YzY3ODM4NmY2YTY1NzkxZmU4Y2RhYjhjZTljYTRhYzZiMjgzOTdhNGQ4MWMyMiJ9fX0=\"}]}}}"
						}
					]
				},
				{
					"type": "item",
					"name": "minecraft:player_head",
					"weight": 1,
					"functions": [
						{
							"function": "set_nbt",
							"tag": "{display:{Name:\"{\\\"translate\\\":\\\"item.cpp.zombie_villager_head\\\"}\"},SkullOwner:{Id:\"1c067ee0-f090-4f79-89f1-51b87eafa257\",Properties:{textures:[{Value:\"eyJ0ZXh0dXJlcyI6eyJTS0lOIjp7InVybCI6Imh0dHA6Ly90ZXh0dXJlcy5taW5lY3JhZnQubmV0L3RleHR1cmUvY2ZmMDQ4MmZkMzJmYWIyY2U5ZjVmYTJlMmQ5YjRkYzc1NjFkYTQyMjE1MmM5OWZjODA0YjkxMzljYWYyNTZiIn19fQ==\"}]}}}"
						}
					]
				},
				{
					"type": "item",
					"name": "minecraft:player_head",
					"weight": 1,
					"functions": [
						{
							"function": "set_nbt",
							"tag": "{display:{Name:\"{\\\"translate\\\":\\\"item.cpp.zombie_villager_head\\\"}\"},SkullOwner:{Id:\"3b980c41-7ce1-4a76-b275-6ed00cd6e98b\",Properties:{textures:[{Value:\"eyJ0ZXh0dXJlcyI6eyJTS0lOIjp7InVybCI6Imh0dHA6Ly90ZXh0dXJlcy5taW5lY3JhZnQubmV0L3RleHR1cmUvNTI4YzJiYWQ1Mzg5Y2IzNTkyYjU2NWIzYzQ3ZWNjMTg5ZTA1NDJhODc4MzUwMjhkNjE0OGJiZTMzNDU2NDUifX19\"}]}}}"
						}
					]
				},
				{
					"type": "item",
					"name": "minecraft:player_head",
					"weight": 1,
					"functions": [
						{
							"function": "set_nbt",
							"tag": "{display:{Name:\"{\\\"translate\\\":\\\"item.cpp.zombie_villager_head\\\"}\"},SkullOwner:{Id:\"8315d5a2-1465-4160-a689-ecf2d91dd15d\",Properties:{textures:[{Value:\"eyJ0ZXh0dXJlcyI6eyJTS0lOIjp7InVybCI6Imh0dHA6Ly90ZXh0dXJlcy5taW5lY3JhZnQubmV0L3RleHR1cmUvOTYxZjE5ZmZkOGFlNDI1NzkyYzRiMTgxNzU2YWRmZjhkNDgxNzRhZWVmNThhMGYzMjdhMjhjNzQyYzcyNDQyIn19fQ==\"}]}}}"
						}
					]
				},
				{
					"type": "item",
					"name": "minecraft:player_head",
					"weight": 1,
					"functions": [
						{
							"function": "set_nbt",
							"tag": "{display:{Name:\"{\\\"translate\\\":\\\"item.cpp.zombie_villager_head\\\"}\"},SkullOwner:{Id:\"17ecf859-a648-4b01-8d9c-c1403e68f680\",Properties:{textures:[{Value:\"eyJ0ZXh0dXJlcyI6eyJTS0lOIjp7InVybCI6Imh0dHA6Ly90ZXh0dXJlcy5taW5lY3JhZnQubmV0L3RleHR1cmUvNDRmMDhlYmQ0ZTI1Y2RhM2FkZTQ1Yjg2MzM3OGFkMzc3ZjE4YzUxMGRiNGQyOGU4MmJiMjQ0NTE0MzliMzczNCJ9fX0=\"}]}}}"
						}
					]
				}
			]
		}
	]
}