{
    "display": {
        "icon": {
            "item": "minecraft:egg"
        },
        "title": "先有鸡还是先有蛋？",
        "description": "是先有蛋"
    },
    "parent": "cpp:root",
    "criteria": {
        "egg": {
            "trigger": "minecraft:inventory_changed",
            "conditions": {
                "items": [
                    {
                        "item": "minecraft:egg"
                    }
                ]
            }
        }
    },
    "rewards": {
        "experience": 10
    }
}