{
    "display": {
        "icon": {
            "item": "minecraft:beef"
        },
        "title": "战斗民族",
        "description": "打死一头熊",
        "frame": "challenge"
    },
    "parent": "cpp:root",
    "criteria": {
        "fighter": {
            "trigger": "minecraft:player_killed_entity",
            "conditions": {
                "entity": {
					"type": "minecraft:polar_bear"
                }
            }
        }
    },
    "rewards": {
        "experience": 10
    }
}