{
    "display": {
        "icon": {
            "item": "minecraft:written_book"
        },
        "title": "渔樵耕读",
        "description": "制作渔网、铁斧、铁锄、成书",
        "frame": "goal"
    },
    "parent": "cpp:hongkong_reporter",
    "criteria": {
        "fisher_axer_farmer_reader": {
            "trigger": "minecraft:inventory_changed",
            "conditions": {
                "items": [
                    {
                        "item": "minecraft:web",
						"enchantments":[
							{
							}
						]
                    },
                    {
                        "item": "minecraft:iron_axe"
                    },
                    {
                        "item": "minecraft:iron_hoe"
                    },
                    {
                        "item": "minecraft:written_book"
                    }
                ]
            }
        }
    },
	"rewards":{
		"function": "cpp:fisher_axer_farmer_reader"
	}
}