{
    "display": {
        "icon": {
            "item": "minecraft:sponge",
			"data":1
        },
        "title": "海绵宝宝",
        "description": "钓鱼或者杀死远古守卫者，得到湿海绵"
    },
    "parent": "cpp:liquid_bread",
    "criteria": {
        "sponge": {
            "trigger": "minecraft:inventory_changed",
            "conditions": {
                "items": [
                    {
                        "item": "minecraft:sponge",
						"data":1
                    }
                ]
            }
        }
    },
    "rewards": {
        "function": "cpp:sponge"
    }

}