{
    "display": {
        "icon": {
            "item": "minecraft:totem_of_undying"
        },
        "title": "不朽",
        "description": "获得不死图腾",
        "frame": "challenge"
    },
    "parent": "cpp:zombie",
    "criteria": {
        "undead": {
            "trigger": "minecraft:inventory_changed",
            "conditions": {
                "items": [
                    {
                        "item": "minecraft:totem_of_undying"
                    }
                ]
            }
        }
    },
	"rewards":{
		"function": "cpp:undead"
	}
}