{
	"parent": "cpp:machine/crafting_machine",
	"overrides": [
		{ "predicate": { "custom_model_data": 12971000 }, "model": "cpp:empty"},
		{ "predicate": { "custom_model_data": 12971010 }, "model": "cpp:machine/gui/crafting_machine"},
		{ "predicate": { "custom_model_data": 12971041 }, "model": "cpp:machine/option/output_east"},
		{ "predicate": { "custom_model_data": 12971042 }, "model": "cpp:machine/option/output_south"},
		{ "predicate": { "custom_model_data": 12971043 }, "model": "cpp:machine/option/output_west"},		
		{ "predicate": { "custom_model_data": 12971044 }, "model": "cpp:machine/option/output_north"},
		{ "predicate": { "custom_model_data": 12971045 }, "model": "cpp:machine/option/output_down"},
		{ "predicate": { "custom_model_data": 12971046 }, "model": "cpp:machine/option/output_up"}
	]
}