{
	"pools": [
		{
			"rolls": 1,
			"conditions":[
				{
					"condition": "random_chance",
					"chance": 0.018
				}
			],
			"entries": [
				{
					"type": "item",
					"name": "minecraft:firework_star",
					"functions": [
						{
							"function": "set_nbt",
							"tag": "{isStrMark:1b,CustomModelData:1000,id:\"cpp:creeper_dungeon_marker\"}"
						}
					]
				},
				{
					"type": "item",
					"name": "minecraft:firework_star",
					"functions": [
						{
							"function": "set_nbt",
							"tag": "{isStrMark:1b,CustomModelData:1000,id:\"cpp:enchanting_room_marker\"}"
						}
					]
				},
				{
					"type": "item",
					"name": "minecraft:firework_star",
					"functions": [
						{
							"function": "set_nbt",
							"tag": "{isStrMark:1b,CustomModelData:1000,id:\"cpp:totem_pillar_marker\"}"
						}
					]
				}
			]
		},
		{
			"rolls": 1,
			"conditions":[
				{
					"condition": "random_chance",
					"chance": 0.09
				}
			],
			"entries": [
				{
					"type": "item",
					"name": "minecraft:firework_star",
					"functions": [
						{
							"function": "set_nbt",
							"tag": "{isStrMark:1b,CustomModelData:1000,id:\"cpp:fruit_tree_marker\"}"
						}
					]
				},
				{
					"type": "item",
					"name": "minecraft:firework_star",
					"functions": [
						{
							"function": "set_nbt",
							"tag": "{isStrMark:1b,CustomModelData:1000,id:\"cpp:ore_tree_marker\"}"
						}
					]
				},
				{
					"type": "item",
					"name": "minecraft:firework_star",
					"functions": [
						{
							"function": "set_nbt",
							"tag": "{isStrMark:1b,CustomModelData:1000,id:\"cpp:wool_tree_marker\"}"
						}
					]
				}
			]
		},
		{
			"rolls": 1,
			"conditions":[
				{
					"condition": "random_chance",
					"chance": 0.15
				},
				{
					"condition": "minecraft:alternative",
					"terms": [
						{
							"condition": "minecraft:location_check",
							"predicate": {
								"biome": "minecraft:desert"
							}
						},
						{
							"condition": "minecraft:location_check",
							"predicate": {
								"biome": "minecraft:desert_hills"
							}
						},
						{
							"condition": "minecraft:location_check",
							"predicate": {
								"biome": "minecraft:desert_lakes"
							}
						},
						{
							"condition": "minecraft:location_check",
							"predicate": {
								"biome": "minecraft:badlands"
							}
						},
						{
							"condition": "minecraft:location_check",
							"predicate": {
								"biome": "minecraft:badlands_plateau"
							}
						},
						{
							"condition": "minecraft:location_check",
							"predicate": {
								"biome": "minecraft:modified_badlands_plateau"
							}
						},
						{
							"condition": "minecraft:location_check",
							"predicate": {
								"biome": "minecraft:wooded_badlands_plateau"
							}
						},
						{
							"condition": "minecraft:location_check",
							"predicate": {
								"biome": "minecraft:modified_wooded_badlands_plateau"
							}
						},
						{
							"condition": "minecraft:location_check",
							"predicate": {
								"biome": "minecraft:eroded_badlands"
							}
						}
					]
				}
			],
			"entries": [
				{
					"type": "item",
					"name": "minecraft:firework_star",
					"functions": [
						{
							"function": "set_nbt",
							"tag": "{isStrMark:1b,CustomModelData:1000,id:\"cpp:dead_coral_fan_marker\"}"
						},
						{
							"function": "set_count",
							"count": {
								"min": 1,
								"max": 5
							}
						}
					]
				}
			]
		},
		{
			"rolls": 1,
			"conditions":[
				{
					"condition": "random_chance",
					"chance": 0.1
				}
			],
			"entries": [
				{
					"type": "item",
					"name": "minecraft:firework_star",
					"functions": [
						{
							"function": "set_nbt",
							"tag": "{isStrMark:1b,CustomModelData:1000,id:\"cpp:small_bush_marker\"}"
						}
					]
				}
			]
		},
		{
			"rolls": 1,
			"conditions":[
				{
					"condition": "random_chance",
					"chance": 0.08
				},
				{
					"condition": "minecraft:alternative",
					"terms": [
						{
							"condition": "minecraft:location_check",
							"predicate": {
								"biome": "minecraft:taiga"
							}
						},
						{
							"condition": "minecraft:location_check",
							"predicate": {
								"biome": "minecraft:taiga_hills"
							}
						},
						{
							"condition": "minecraft:location_check",
							"predicate": {
								"biome": "minecraft:taiga_mountains"
							}
						}
					]
				}
			],
			"entries": [
				{
					"type": "item",
					"name": "minecraft:firework_star",
					"functions": [
						{
							"function": "set_nbt",
							"tag": "{isStrMark:1b,CustomModelData:1000,id:\"cpp:dead_spruce_marker\"}"
						},
						{
							"function": "set_count",
							"count": {
								"min": 1,
								"max": 4
							}
						}
					]
				}
			]
		},
		{
			"rolls": 1,
			"conditions":[
				{
					"condition": "random_chance",
					"chance": 0.04
				}
			],
			"entries": [
				{
					"type": "item",
					"name": "minecraft:firework_star",
					"functions": [
						{
							"function": "set_nbt",
							"tag": "{isStrMark:1b,CustomModelData:1000,id:\"cpp:crops_marker\"}"
						},
						{
							"function": "set_count",
							"count": {
								"min": 1,
								"max": 4
							}
						}
					]
				}
			]
		},
		{
			"rolls": 1,
			"conditions":[
				{
					"condition": "random_chance",
					"chance": 0.2
				}
			],
			"entries": [
				{
					"type": "item",
					"name": "minecraft:firework_star",
					"functions": [
						{
							"function": "set_nbt",
							"tag": "{isStrMark:1b,CustomModelData:1000,id:\"cpp:modcrops_marker\"}"
						}
					]
				}
			]
		}
	]
}
