{
	"criteria": {
		"pumpkin_pie": {
			"trigger": "minecraft:consume_item",
			"conditions": {
				"item": {
					"item": "minecraft:pumpkin_pie"
				}
			}
		},
		"carrot": {
			"trigger": "minecraft:consume_item",
			"conditions": {
				"item": {
					"item": "minecraft:carrot"
				}
			}
		},
		"golden_carrot": {
			"trigger": "minecraft:consume_item",
			"conditions": {
				"item": {
					"item": "minecraft:golden_carrot"
				}
			}
		},
		"vegetable_kebab": {
			"trigger": "minecraft:consume_item",
			"conditions": {
				"item": {
					"nbt": "{id:\"cpp:vegetable_kebab\"}"
				}
			}
		}
	},
	"requirements":[
		[
			"pumpkin_pie",
			"carrot",
			"golden_carrot",
			"vegetable_kebab"
		]
	],
	"rewards":{
		"function": "cpp:food/neg3"
	}
}