{
    "display": {
        "icon": {
            "item": "minecraft:diamond_sword"
        },
        "title":{
            "translate": "craftingpp.advancements.best_sword.title"
		},
        "description": {
            "translate": "craftingpp.advancements.best_sword.description"
		},
        "frame": "challenge"
    },
    "parent": "cpp:upgrade",
    "criteria": {
        "best_sword": {
            "trigger": "minecraft:inventory_changed",
            "conditions": {
                "items": [
                    {
                        "item": "minecraft:diamond_sword",
						"nbt":"{Unbreakable:1}"
                    }
                ]
            }
        }
    },
	"rewards":{
		"function": "cpp:best_sword"
	}
}