{
    "display": {
        "icon": {
            "item": "minecraft:diamond_chestplate"
        },
        "title":{
            "translate": "craftingpp.advancements.best_defence.title"
		},
        "description": {
            "translate": "craftingpp.advancements.best_defence.description"
		},
        "frame": "challenge"
    },
    "parent": "cpp:best_sword",
    "criteria": {
        "best_helmet": {
            "trigger": "minecraft:inventory_changed",
            "conditions": {
                "items": [
                    {
                        "item": "minecraft:diamond_helmet",
						"nbt":"{Unbreakable:1}"
                    }
				]
			}
		},
        "best_chest": {
            "trigger": "minecraft:inventory_changed",
            "conditions": {
                "items": [
                    {
                        "item": "minecraft:diamond_chestplate",
						"nbt":"{Unbreakable:1}"
                    }
				]
			}
		},
        "best_leg": {
            "trigger": "minecraft:inventory_changed",
            "conditions": {
                "items": [
                    {
                        "item": "minecraft:diamond_leggings",
						"nbt":"{Unbreakable:1}"
                    }
				]
			}
		},
        "best_feet": {
            "trigger": "minecraft:inventory_changed",
            "conditions": {
                "items": [
                    {
                        "item": "minecraft:diamond_boots",
						"nbt":"{Unbreakable:1}"
                    }
                ]
            }
        }
    },
	"rewards":{
		"function": "cpp:best_defence"
	}
}