{
    "display": {
        "icon": {
            "item": "minecraft:skull",
			"data":2
        },
        "title":{
            "translate": "craftingpp.advancements.blow_up.title"
		},
        "description": {
            "translate": "craftingpp.advancements.blow_up.description"
		},
        "frame": "challenge"
    },
    "parent": "cpp:undead",
    "criteria": {
        "skeletonskull": {
            "trigger": "minecraft:inventory_changed",
            "conditions": {
                "items": [
                    {
                        "item": "minecraft:skull",
						"data": 0
                    }
                ]
            }
        },
        "witherskeletonskull": {
            "trigger": "minecraft:inventory_changed",
            "conditions": {
                "items": [
                    {
                        "item": "minecraft:skull",
						"data": 1
                    }
                ]
            }
        },
        "zombieskull": {
            "trigger": "minecraft:inventory_changed",
            "conditions": {
                "items": [
                    {
                        "item": "minecraft:skull",
						"data": 2
                    }
                ]
            }
        },
        "creeperskull": {
            "trigger": "minecraft:inventory_changed",
            "conditions": {
                "items": [
                    {
                        "item": "minecraft:skull",
						"data": 4
                    }
                ]
            }
        }
    },
	"rewards":{
		"experience": 500,
		"function": "cpp:blow_up"
	}
}