{
    "display": {
        "icon": {
            "item": "minecraft:diamond"
        },
        "title":{
            "translate": "craftingpp.advancements.diamond.title"
		},
        "description": {
            "translate": "craftingpp.advancements.diamond.description"
		}
    },
    "parent": "cpp:recycle",
    "criteria": {
        "diamond": {
            "trigger": "minecraft:impossible"
        }
    },
    "rewards": {
        "experience": 100,
		"function": "cpp:sys/levelup"
    }
}