{
    "display": {
        "icon": {
            "item": "minecraft:end_rod"
        },
        "title":{
            "translate": "craftingpp.advancements.dragonboy.title"
		},
        "description": {
            "translate": "craftingpp.advancements.dragonboy.description"
		}
    },
    "parent": "cpp:need_weight_loss",
    "criteria": {
        "dragonboy": {
            "trigger": "minecraft:impossible"
        }
    },
    "rewards": {
        "experience": 100,
        "function": "cpp:levelup"
    }
}