{
    "display": {
        "icon": {
            "item": "minecraft:egg"
        },
        "title":{
            "translate": "craftingpp.advancements.egg.title"
		},
        "description": {
            "translate": "craftingpp.advancements.egg.description"
		}
    },
    "parent": "cpp:root",
    "criteria": {
        "egg": {
            "trigger": "minecraft:inventory_changed",
            "conditions": {
                "items": [
                    {
                        "item": "minecraft:egg"
                    }
                ]
            }
        }
    },
    "rewards": {
        "experience": 100,
		"function": "cpp:sys/levelup"
    }
}