{
    "display": {
        "icon": {
            "item": "minecraft:beef"
        },
        "title":{
            "translate": "craftingpp.advancements.fighter.title"
		},
        "description": {
            "translate": "craftingpp.advancements.fighter.description"
		},
        "frame": "goal"
    },
    "parent": "cpp:root",
    "criteria": {
        "fighter": {
            "trigger": "minecraft:player_killed_entity",
            "conditions": {
                "entity": {
					"type": "minecraft:polar_bear"
                }
            }
        }
    },
    "rewards": {
        "experience": 100,
		"function": "cpp:sys/levelup"
    }
}