{
    "display": {
        "icon": {
            "item": "minecraft:written_book"
        },
        "title":{
            "translate": "craftingpp.advancements.fisher_axer_farmer_reader.title"
		},
        "description": {
            "translate": "craftingpp.advancements.fisher_axer_farmer_reader.description"
		},
        "frame": "goal"
    },
    "parent": "cpp:hongkong_reporter",
    "criteria": {
        "fisher": {
            "trigger": "minecraft:inventory_changed",
            "conditions": {
                "items": [
                    {
                        "item": "minecraft:web",
						"enchantments":[
							{
							}
						]
                    }
                ]
            }
        },
        "axer": {
            "trigger": "minecraft:inventory_changed",
            "conditions": {
                "items": [
                    {
                        "item": "minecraft:iron_axe"
                    }
                ]
            }
        },
        "farmer": {
            "trigger": "minecraft:inventory_changed",
            "conditions": {
                "items": [
					{
                        "item": "minecraft:iron_hoe"
                    }
                ]
            }
        },
        "reader": {
            "trigger": "minecraft:inventory_changed",
            "conditions": {
                "items": [
                    {
                        "item": "minecraft:written_book"
                    }
                ]
            }
        }
    },
	"rewards":{
		"function": "cpp:fisher_axer_farmer_reader"
	}
}