{
    "display": {
        "icon": {
            "item": "minecraft:spawn_egg"
        },
        "title":{
            "translate": "craftingpp.advancements.gene_technology.title"
		},
        "description": {
            "translate": "craftingpp.advancements.gene_technology.description"
		}
    },
    "parent": "cpp:egg",
    "criteria": {
        "gene_technology": {
            "trigger": "minecraft:impossible"
        }
    },
	"rewards": {
        "experience": 100,
		"function": "cpp:sys/levelup"
    }
}