{
    "display": {
        "icon": {
            "item": "minecraft:skull",
			"data": 3
        },
        "title":{
            "translate": "craftingpp.advancements.master.title"
		},
        "description": {
            "translate": "craftingpp.advancements.master.description"
		},
        "frame": "challenge"
    },
    "parent": "cpp:best_defence",
    "criteria": {
        "master": {
            "trigger": "minecraft:impossible"
        }
    },
    "rewards": {
        "experience": 100,
		"function": "cpp:sys/levelup"
    }
}