{
    "display": {
        "icon": {
            "item": "minecraft:diamond_ore"
        },
        "title":{
            "translate": "craftingpp.advancements.oreseed.title"
		},
        "description": {
            "translate": "craftingpp.advancements.oreseed.description"
		}
    },
    "parent": "cpp:fisher_axer_farmer_reader",
    "criteria": {
        "oreseed": {
            "trigger": "minecraft:impossible"
        }
    },
    "rewards": {
        "experience": 200,
        "function": "cpp:levelup"
    }
}