{
    "display": {
        "icon": {
            "item": "minecraft:piston"
        },
        "title":{
            "translate": "craftingpp.advancements.recycle.title"
		},
        "description": {
            "translate": "craftingpp.advancements.recycle.description"
		}
    },
    "parent": "cpp:root",
    "criteria": {
        "recycle": {
            "trigger": "minecraft:impossible"
        }
    },
    "rewards": {
        "experience": 100,
		"function": "cpp:sys/levelup"
    }
}