{
    "display": {
        "icon": {
            "item": "minecraft:emerald"
        },
        "title":{
            "translate": "craftingpp.advancements.robber.title"
		},
        "description": {
            "translate": "craftingpp.advancements.robber.description"
		}
    },
    "parent": "cpp:gene_technology",
    "criteria": {
        "robber": {
            "trigger": "minecraft:player_killed_entity",
            "conditions": {
                "entity": {
					"type": "minecraft:villager"
                }
            }
        }
    },
	"rewards":{
		"function": "cpp:robber"
	}
}