{
    "display": {
        "icon": {
            "item": "minecraft:crafting_table"
        },
        "title":{
            "translate": "craftingpp.advancements.crafting_table.title"
		},
        "description": {
            "translate": "craftingpp.advancements.crafting_table.description"
		},
        "background": "minecraft:textures/blocks/wool_colored_magenta.png"
    },
    "criteria": {
        "crafting_table": {
            "trigger": "minecraft:tick"
        }
    },
    "rewards": {
        "function": "cpp:root"
    }
}