{
    "display": {
        "icon": {
            "item": "minecraft:wool"
        },
        "title":{
            "translate": "craftingpp.advancements.sheep.title"
		},
        "description": {
            "translate": "craftingpp.advancements.sheep.description"
		}
    },
    "parent": "cpp:robber",
    "criteria": {
        "sheep": {
            "trigger": "minecraft:impossible"
        }
    },
    "rewards": {
        "experience": 100,
		"function": "cpp:sys/levelup"
    }
}