{
    "display": {
        "icon": {
            "item": "minecraft:iron_axe"
        },
        "title":{
            "translate": "craftingpp.advancements.shining.title"
		},
        "description": {
            "translate": "craftingpp.advancements.shining.description"
		}
    },
    "parent": "cpp:sheep",
    "criteria": {
        "shining": {
            "trigger": "minecraft:player_killed_entity",
            "conditions": {
                "entity": {
					"type": "minecraft:vindication_illager"
                }
            }
        }
    },
	"rewards":{
		"function": "cpp:shining"
	}
}