{
    "display": {
        "icon": {
            "item": "minecraft:sponge",
			"data":1
        },
        "title":{
            "translate": "craftingpp.advancements.sponge.title"
		},
        "description": {
            "translate": "craftingpp.advancements.sponge.description"
		}
    },
    "parent": "cpp:fighter",
    "criteria": {
        "sponge": {
            "trigger": "minecraft:inventory_changed",
            "conditions": {
                "items": [
                    {
                        "item": "minecraft:sponge",
						"data":1
                    }
                ]
            }
        }
    },
    "rewards": {
        "function": "cpp:sponge"
    }

}