{
    "display": {
        "icon": {
            "item": "minecraft:leather_boots"
        },
        "title":{
            "translate": "craftingpp.advancements.tp.title"
		},
        "description": {
            "translate": "craftingpp.advancements.tp.description"
		}
    },
    "parent": "cpp:diamond",
    "criteria": {
        "tp": {
            "trigger": "minecraft:impossible"
        }
    },
    "rewards": {
        "experience": 100,
		"function": "cpp:sys/levelup"
    }
}