{
    "display": {
        "icon": {
            "item": "minecraft:totem_of_undying"
        },
        "title":{
            "translate": "craftingpp.advancements.undead.title"
		},
        "description": {
            "translate": "craftingpp.advancements.undead.description"
		},
        "frame": "goal"
    },
    "parent": "cpp:zombie",
    "criteria": {
        "undead": {
            "trigger": "minecraft:inventory_changed",
            "conditions": {
                "items": [
                    {
                        "item": "minecraft:totem_of_undying"
                    }
                ]
            }
        }
    },
	"rewards":{
		"function": "cpp:undead"
	}
}