{
    "display": {
        "icon": {
            "item": "minecraft:rotten_flesh"
        },
        "title":{
            "translate": "craftingpp.advancements.zombie.title"
		},
        "description": {
            "translate": "craftingpp.advancements.zombie.description"
		}
    },
    "parent": "cpp:shining",
    "criteria": {
        "zombie": {
            "trigger": "minecraft:impossible"
        }
    },
    "rewards": {
        "experience": 100,
		"function": "cpp:sys/levelup"
    }
}