{
	"criteria": {
		"sand": {
			"trigger": "minecraft:inventory_changed",
			"conditions": {
				"items": [
					{
						"item": "minecraft:sand"
					}
				]
			}
		},
		"nether_wart": {
			"trigger": "minecraft:inventory_changed",
			"conditions": {
				"items": [
					{
						"item": "minecraft:nether_wart"
					}
				]
			}
		},
		"has_the_recipe": {
			"trigger": "minecraft:recipe_unlocked",
			"conditions": {
				"recipe": "cpp:red_sand"
			}
		}
	},
	"rewards":{
		"recipes": ["cpp:red_sand"]
	},
	"requirements": [
		[
			"sand",
			"nether_wart",
			"has_the_recipe"
		]
	]
}