{
	"pools": [
		{
			"rolls": 1,
			"entries": [
				{
					"type": "minecraft:item",
					"name": "minecraft:map",
					"functions": [
						{
							"function": "minecraft:exploration_map",
							"destination": "Buried_Treasure",
							"decoration": "red_x",
							"zoom": 1,
							"skip_existing_chunks": true
						},
						{
							"function": "minecraft:set_nbt",
							"tag": "{display:{MapColor:11830110,Name:\"{\\\"translate\\\":\\\"filled_map.buried_treasure\\\"}\"}}"
						}
					],
					"conditions": [
						{
							"condition": "minecraft:location_check",
							"predicate": {
								"dimension": "minecraft:overworld"
							}
						}
					]
				},
				{
					"type": "minecraft:item",
					"name": "minecraft:map",
					"functions": [
						{
							"function": "minecraft:exploration_map",
							"destination": "EndCity",
							"decoration": "red_x",
							"zoom": 1,
							"skip_existing_chunks": true
						},
						{
							"function": "minecraft:set_nbt",
							"tag": "{display:{MapColor:13081344,Name:\"{\\\"translate\\\":\\\"filled_map.end_city\\\"}\"}}"
						}
					],
					"conditions": [
						{
							"condition": "minecraft:location_check",
							"predicate": {
								"dimension": "minecraft:the_end"
							}
						}
					]
				},
				{
					"type": "minecraft:item",
					"name": "minecraft:map",
					"functions": [
						{
							"function": "minecraft:exploration_map",
							"destination": "Fortress",
							"decoration": "red_x",
							"zoom": 1,
							"skip_existing_chunks": true
						},
						{
							"function": "minecraft:set_nbt",
							"tag": "{display:{MapColor:12796215,Name:\"{\\\"translate\\\":\\\"filled_map.fortress\\\"}\"}}"
						}
					],
					"conditions": [
						{
							"condition": "minecraft:location_check",
							"predicate": {
								"dimension": "minecraft:the_nether"
							}
						}
					]			
				},
				{
					"type": "minecraft:item",
					"name": "minecraft:map",
					"functions": [
						{
							"function": "minecraft:exploration_map",
							"destination": "Mansion",
							"decoration": "red_x",
							"zoom": 1,
							"skip_existing_chunks": true
						},
						{
							"function": "minecraft:set_nbt",
							"tag": "{display:{MapColor:5393476,Name:\"{\\\"translate\\\":\\\"filled_map.mansion\\\"}\"}}"
						}
					],
					"conditions": [
						{
							"condition": "minecraft:location_check",
							"predicate": {
								"dimension": "minecraft:overworld"
							}
						}
					]			
				},
				{
					"type": "minecraft:item",
					"name": "minecraft:map",
					"functions": [
						{
							"function": "minecraft:exploration_map",
							"destination": "Mineshaft",
							"decoration": "red_x",
							"zoom": 1,
							"skip_existing_chunks": true
						},
						{
							"function": "minecraft:set_nbt",
							"tag": "{display:{MapColor:13081344,Name:\"{\\\"translate\\\":\\\"filled_map.mineshaft\\\"}\"}}"
						}
					],
					"conditions": [
						{
							"condition": "minecraft:location_check",
							"predicate": {
								"dimension": "minecraft:overworld"
							}
						}
					]
				},
				{
					"type": "minecraft:item",
					"name": "minecraft:map",
					"functions": [
						{
							"function": "minecraft:exploration_map",
							"destination": "Monument",
							"decoration": "red_x",
							"zoom": 1,
							"skip_existing_chunks": true
						},
						{
							"function": "minecraft:set_nbt",
							"tag": "{display:{MapColor:3830373,Name:\"{\\\"translate\\\":\\\"filled_map.monument\\\"}\"}}"
						}
					],
					"conditions": [
						{
							"condition": "minecraft:location_check",
							"predicate": {
								"dimension": "minecraft:overworld"
							}
						}
					]
				},
				{
					"type": "minecraft:item",
					"name": "minecraft:map",
					"functions": [
						{
							"function": "minecraft:exploration_map",
							"destination": "Ocean_Ruin",
							"decoration": "red_x",
							"zoom": 1,
							"skip_existing_chunks": true
						},
						{
							"function": "minecraft:set_nbt",
							"tag": "{display:{MapColor:13081344,Name:\"{\\\"translate\\\":\\\"filled_map.ocean_ruins\\\"}\"}}"
						}
					],
					"conditions": [
						{
							"condition": "minecraft:location_check",
							"predicate": {
								"dimension": "minecraft:overworld"
							}
						}
					]
				},
				{
					"type": "minecraft:item",
					"name": "minecraft:map",
					"functions": [
						{
							"function": "minecraft:exploration_map",
							"destination": "Shipwreck",
							"decoration": "red_x",
							"zoom": 1,
							"skip_existing_chunks": true
						},
						{
							"function": "minecraft:set_nbt",
							"tag": "{display:{MapColor:7100513,Name:\"{\\\"translate\\\":\\\"filled_map.shipwreck\\\"}\"}}"
						}
					],
					"conditions": [
						{
							"condition": "minecraft:location_check",
							"predicate": {
								"dimension": "minecraft:overworld"
							}
						}
					]
				},
				{
					"type": "minecraft:item",
					"name": "minecraft:map",
					"functions": [
						{
							"function": "minecraft:exploration_map",
							"destination": "Stronghold",
							"decoration": "red_x",
							"zoom": 1,
							"skip_existing_chunks": true
						},
						{
							"function": "minecraft:set_nbt",
							"tag": "{display:{MapColor:12796215,Name:\"{\\\"translate\\\":\\\"filled_map.stronghold\\\"}\"}}"
						}
					],
					"conditions": [
						{
							"condition": "minecraft:location_check",
							"predicate": {
								"dimension": "minecraft:overworld"
							}
						}
					]
				},
				{
					"type": "minecraft:item",
					"name": "minecraft:map",
					"functions": [
						{
							"function": "minecraft:exploration_map",
							"destination": "Desert_Pyramid",
							"decoration": "red_x",
							"zoom": 1,
							"skip_existing_chunks": true
						},
						{
							"function": "minecraft:set_nbt",
							"tag": "{display:{MapColor:13809920,Name:\"{\\\"translate\\\":\\\"filled_map.desert_pyramid\\\"}\"}}"
						}
					],
					"conditions": [
						{
							"condition": "minecraft:location_check",
							"predicate": {
								"dimension": "minecraft:overworld"
							}
						}
					]
				},
				{
					"type": "minecraft:item",
					"name": "minecraft:map",
					"functions": [
						{
							"function": "minecraft:exploration_map",
							"destination": "Igloo",
							"decoration": "red_x",
							"zoom": 1,
							"skip_existing_chunks": true
						},
						{
							"function": "minecraft:set_nbt",
							"tag": "{display:{MapColor:2316237,Name:\"{\\\"translate\\\":\\\"filled_map.igloo\\\"}\"}}"
						}
					],
					"conditions": [
						{
							"condition": "minecraft:location_check",
							"predicate": {
								"dimension": "minecraft:overworld"
							}
						}
					]
				},
				{
					"type": "minecraft:item",
					"name": "minecraft:map",
					"functions": [
						{
							"function": "minecraft:exploration_map",
							"destination": "Jungle_Pyramid",
							"decoration": "red_x",
							"zoom": 1,
							"skip_existing_chunks": true
						},
						{
							"function": "minecraft:set_nbt",
							"tag": "{display:{MapColor:7965706,Name:\"{\\\"translate\\\":\\\"filled_map.jungle_pyramid\\\"}\"}}"
						}
					],
					"conditions": [
						{
							"condition": "minecraft:location_check",
							"predicate": {
								"dimension": "minecraft:overworld"
							}
						}
					]
				},
				{
					"type": "minecraft:item",
					"name": "minecraft:map",
					"functions": [
						{
							"function": "minecraft:exploration_map",
							"destination": "Swamp_Hut",
							"decoration": "red_x",
							"zoom": 1,
							"skip_existing_chunks": true
						},
						{
							"function": "minecraft:set_nbt",
							"tag": "{display:{MapColor:11087060,Name:\"{\\\"translate\\\":\\\"filled_map.swamp_hut\\\"}\"}}"
						}
					],
					"conditions": [
						{
							"condition": "minecraft:location_check",
							"predicate": {
								"dimension": "minecraft:overworld"
							}
						}
					]
				},
				{
					"type": "minecraft:item",
					"name": "minecraft:map",
					"functions": [
						{
							"function": "minecraft:exploration_map",
							"destination": "Village",
							"decoration": "red_x",
							"zoom": 1,
							"skip_existing_chunks": true
						},
						{
							"function": "minecraft:set_nbt",
							"tag": "{display:{MapColor:11772732,Name:\"{\\\"translate\\\":\\\"filled_map.village\\\"}\"}}"
						}
					],
					"conditions": [
						{
							"condition": "minecraft:location_check",
							"predicate": {
								"dimension": "minecraft:overworld"
							}
						}
					]
				}
			]
		}
	]
}