{
    "display": {
        "icon": {
            "item": "minecraft:diamond_chestplate"
        },
        "title": "刀枪不入",
        "description": "用精制下界之星制作全套盔甲",
        "frame": "goal"
    },
    "parent": "cpp:best_sword",
    "criteria": {
        "best_defence": {
            "trigger": "minecraft:inventory_changed",
            "conditions": {
                "items": [
                    {
                        "item": "minecraft:diamond_helmet",
						"enchantments":[
							{
								"id":"projectile_protection",
								"levels":5
							}
						]
                    },
                    {
                        "item": "minecraft:diamond_chestplate",
						"enchantments":[
							{
								"id":"protection",
								"levels":5
							}
						]
                    },
                    {
                        "item": "minecraft:diamond_leggings",
						"enchantments":[
							{
								"id":"fire_protection",
								"levels":5
							}
						]
                    },
                    {
                        "item": "minecraft:diamond_boots",
						"enchantments":[
							{
								"id":"blast_protection",
								"levels":5
							}
						]
                    }
                ]
            }
        }
    },
	"rewards":{
		"function": "cpp:best_defence"
	}
}