{
    "display": {
        "icon": {
            "item": "minecraft:skull",
			"data":2
        },
        "title": "你咋不上天？",
        "description": "用高压爬行者将僵尸、骷髅或爬行者炸上天",
        "frame": "challenge"
    },
    "parent": "cpp:undead",
    "criteria": {
        "skeletonskull": {
            "trigger": "minecraft:inventory_changed",
            "conditions": {
                "items": [
                    {
                        "item": "minecraft:skull",
						"data": 0
                    }
                ]
            }
        },
        "zombieskull": {
            "trigger": "minecraft:inventory_changed",
            "conditions": {
                "items": [
                    {
                        "item": "minecraft:skull",
						"data": 2
                    }
                ]
            }
        },
        "creeperskull": {
            "trigger": "minecraft:inventory_changed",
            "conditions": {
                "items": [
                    {
                        "item": "minecraft:skull",
						"data": 4
                    }
                ]
            }
        }
    },
    "requirements": [
        [
            "skeletonskull"
        ],
        [
            "zombieskull"
        ],
        [
            "creeperskull"
        ]
    ],
	"rewards":{
		"function": "cpp:blow_up"
	}
}