{
    "display": {
        "icon": {
            "item": "minecraft:coal"
        },
        "title": "精雕细琢",
        "description": "制作精制煤炭"
    },
    "parent": "cpp:root",
    "criteria": {
        "fine_coal": {
            "trigger": "minecraft:inventory_changed",
            "conditions": {
                "items": [
                    {
                        "item": "minecraft:coal",
						"enchantments":[
							{							
							}
						]
                    }
                ]
            }
        }
    },
    "rewards": {
        "experience": 10
    }
}