{
    "display": {
        "icon": {
            "item": "minecraft:iron_axe"
        },
        "title": "闪灵",
        "description": "杀死卫道士",
        "frame": "challenge"
    },
    "parent": "cpp:sheep",
    "criteria": {
        "shining": {
            "trigger": "minecraft:player_killed_entity",
            "conditions": {
                "entity": {
					"type": "minecraft:vindication_illager"
                }
            }
        }
    },
	"rewards":{
		"function": "cpp:shining"
	}
}