{
    "display": {
        "icon": {
            "item": "minecraft:iron_pickaxe"
        },
        "title": "超长待机",
        "description": "用精制钻石制作一把镐，并用到完全损坏",
        "frame": "goal"
    },
    "parent": "cpp:fisher_axer_farmer_reader",
    "criteria": {
        "usepickaxe": {
            "trigger": "minecraft:item_durability_changed",
            "conditions": {
				"item":{
					"item": "minecraft:iron_pickaxe",
					"enchantments":[
						{
							"id":"efficiency",
							"levels":5
						},
						{
							"id":"silk_touch",
							"levels":1
						},
						{
							"id":"unbreaking",
							"levels":4
						},
						{
							"id":"mending",
							"levels":1
						}
					]
				},
                "durability": -1
			}
        }
    },
    "rewards": {
        "experience": 250
    }

}