{
	"criteria": {
		"oak_sign": {
			"trigger": "minecraft:placed_block",
			"conditions": {
				"block":"minecraft:oak_sign"
			}
		},
		"spruce_sign": {
			"trigger": "minecraft:placed_block",
			"conditions": {
				"block":"minecraft:spruce_sign"
			}
		},
		"birch_sign": {
			"trigger": "minecraft:placed_block",
			"conditions": {
				"block":"minecraft:birch_sign"
			}
		},
		"jungle_sign": {
			"trigger": "minecraft:placed_block",
			"conditions": {
				"block":"minecraft:jungle_sign"
			}
		},
		"acacia_sign": {
			"trigger": "minecraft:placed_block",
			"conditions": {
				"block":"minecraft:acacia_sign"
			}
		},
		"dark_oak_sign": {
			"trigger": "minecraft:placed_block",
			"conditions": {
				"block":"minecraft:dark_oak_sign"
			}
		}
	},
	"requirements":[[
		"oak_sign",
		"spruce_sign",
		"birch_sign",
		"jungle_sign",
		"acacia_sign",
		"dark_oak_sign"
	]],
	"rewards": {
		"function": "cpp:block/sign"
	}
}
