{
	"pools": [
		{
			"rolls": 1,
			"entries": [
				{
					"type": "item",
					"name": "minecraft:wheat_seeds",
					"weight": 1,
					"functions": [
						{
							"function": "set_nbt",
							"tag": "{Tags:[\"cpp_dead\",\"cpp_peach_tree\"]}"
						}
					]
				},
				{
					"type": "item",
					"name": "minecraft:wheat_seeds",
					"weight": 1,
					"functions": [
						{
							"function": "set_nbt",
							"tag": "{Tags:[\"cpp_dead\",\"cpp_apple_tree\"]}"
						}
					]
				},
				{
					"type": "item",
					"name": "minecraft:wheat_seeds",
					"weight": 1,
					"functions": [
						{
							"function": "set_nbt",
							"tag": "{Tags:[\"cpp_dead\",\"cpp_orange_tree\"]}"
						}
					]
				},
				{
					"type": "item",
					"name": "minecraft:wheat_seeds",
					"weight": 1,
					"functions": [
						{
							"function": "set_nbt",
							"tag": "{Tags:[\"cpp_dead\",\"cpp_sakura_tree\"]}"
						}
					]
				},
				{
					"type": "item",
					"name": "minecraft:wheat_seeds",
					"weight": 1,
					"functions": [
						{
							"function": "set_nbt",
							"tag": "{Tags:[\"cpp_dead\",\"cpp_green_tree\"]}"
						}
					]
				},
				{
					"type": "item",
					"name": "minecraft:wheat_seeds",
					"weight": 1,
					"functions": [
						{
							"function": "set_nbt",
							"tag": "{Tags:[\"cpp_dead\",\"cpp_ginkgo_tree\"]}"
						}
					]
				},
				{
					"type": "item",
					"name": "minecraft:wheat_seeds",
					"weight": 1,
					"functions": [
						{
							"function": "set_nbt",
							"tag": "{Tags:[\"cpp_dead\",\"cpp_red_prunas_tree\"]}"
						}
					]
				},
				{
					"type": "item",
					"name": "minecraft:wheat_seeds",
					"weight": 1,
					"functions": [
						{
							"function": "set_nbt",
							"tag": "{Tags:[\"cpp_dead\",\"cpp_purple_prunas_tree\"]}"
						}
					]
				}
			]
		}
	]
}
