{
	"display": {
		"icon": {
			"item": "minecraft:rabbit_stew"
		},
		"title":{
			"translate": "advancements.cpp.raw_meal.title"
		},
		"description": {
			"translate": "advancements.cpp.raw_meal.description"
		}
	},
	"parent": "cpp:doraemon",
	"criteria": {
		"raw_braised_beef_with_potatoes": {
			"trigger": "minecraft:consume_item",
			"conditions": {
				"items":[
					{
						"item": "minecraft:rabbit_stew",
						"nbt":"{id:\"cpp:raw_braised_beef_with_potatoes\"}"
					}
				]
			}
		},
		"raw_braised_pork_with_potatoes": {
			"trigger": "minecraft:consume_item",
			"conditions": {
				"items":[
					{
						"item": "minecraft:rabbit_stew",
						"nbt":"{id:\"cpp:raw_braised_pork_with_potatoes\"}"
					}
				]
			}
		},
		"raw_colorful_vegetable": {
			"trigger": "minecraft:consume_item",
			"conditions": {
				"items":[
					{
						"item": "minecraft:rabbit_stew",
						"nbt":"{id:\"cpp:raw_colorful_vegetable\"}"
					}
				]
			}
		}
	},
	"requirements": [
		[
			"raw_braised_beef_with_potatoes",
			"raw_braised_pork_with_potatoes",
			"raw_colorful_vegetable"
		]
	]
}