{
	"pools": [
		{
			"rolls": 1, 
			"entries": [
				{
					"type": "item", 
					"name": "minecraft:iron_ingot",
					"weight": 1,
					"functions": [
						{
							"function": "set_count", 
							"count": {
								"min": 2,
								"max": 4
							}
						}
					]
				}
			]
		},
		{
			"rolls": 1,
			"entries": [
				{
					"type": "item", 
					"name": "minecraft:gold_nugget", 
					"weight": 1,
					"functions": [
						{
							"function": "set_count", 
							"count": {
								"min": 2,
								"max": 4
							}
						}
					]
				}
			]
		},
		{
			"rolls": 1,
			"entries": [
				{
					"type": "item", 
					"name": "minecraft:iron_ingot", 
					"weight": 1,
					"conditions": [
						{
							"condition": "random_chance",
							"chance": 0.15
						}
					],
					"functions": [
						{
							"function": "set_nbt",
							"tag": "{display:{LocName:\"cpp.item.enchanted_iron\"},ench:[{id:999s}]}"
						}
					]
				}
			]
		}
	]
}