{
	"parent": "cpp:food/root",
	"criteria": {
	   "cookie": {
		   "trigger": "minecraft:consume_item",
		   "conditions": {
			   "item": {
				   "item": "minecraft:cookie"
				}
			}
		},
	   "cod": {
		   "trigger": "minecraft:consume_item",
		   "conditions": {
			   "item": {
				   "item": "minecraft:cod"
				}
			}
		},
	   "salmon": {
		   "trigger": "minecraft:consume_item",
		   "conditions": {
			   "item": {
				   "item": "minecraft:salmon"
				}
			}
		},
	   "clownfish": {
		   "trigger": "minecraft:consume_item",
		   "conditions": {
			   "item": {
				   "item": "minecraft:clownfish"
				}
			}
		},
	   "pufferfish": {
		   "trigger": "minecraft:consume_item",
		   "conditions": {
			   "item": {
				   "item": "minecraft:pufferfish"
				}
			}
		},
	   "cooked_cod": {
		   "trigger": "minecraft:consume_item",
		   "conditions": {
			   "item": {
				   "item": "minecraft:cooked_cod"
				}
			}
		},
	   "cooked_salmon": {
		   "trigger": "minecraft:consume_item",
		   "conditions": {
			   "item": {
				   "item": "minecraft:cooked_salmon"
				}
			}
		},
	   "rotten_flesh": {
		   "trigger": "minecraft:consume_item",
		   "conditions": {
			   "item": {
				   "item": "minecraft:rotten_flesh"
				}
			}
		}
	},
	"requirements":[
		[
			"cookie",
			"cod",
			"salmon",
			"clownfish",
			"pufferfish",
			"cooked_cod",
			"cooked_salmon",
			"rotten_flesh"
		]
	],
	"rewards":{
		"function": "cpp:cook_and_brew/food/pos1"
	}
}