{
	"pools": [
		{
			"rolls": 2,
			"entries": [
				{
					"type": "item",
					"name": "minecraft:chorus_fruit",
					"functions": [
						{
							"function": "set_nbt",
							"tag": "{display:{Lore:[\"{\\\"text\\\":\\\"§r\\\"}\"]}}"
						}
					]
				}
			]
		},
		{
			"rolls": 1,
			"entries": [
				{
					"type": "item",
					"name": "minecraft:chorus_flower",
					"functions": [
						{
							"function": "set_count",
							"count":{
								"min": 0,
								"max": 3
							}
						}
					]
				}
			]
		}
	]
}